"sim","censoring","n","perc_censored","alpha_fc","beta_fc","gamma_fc","alpha_extrap","beta_extrap","gamma_extrap","se_alpha_extrap","se_beta_extrap","se_gamma_extrap","alpha_extrap_no","beta_extrap_no","gamma_extrap_no","se_alpha_extrap_no","se_beta_extrap_no","se_gamma_extrap_no","time_extrap","time_extrap_no"
"11424-1","extra_heavy",100,0.76,1.03641812498674,0.698390114479588,0.265904424919308,1.21097564658441,0.0300641343506912,0.241678184956111,0.257836415127052,0.167148639728364,0.286012399137464,1.1354808611495,1.10597820805274,0.262017580268764,0.328097053820964,2.74956737931015,0.274303366572766,0.974000000000046,0.606999999999971
"11424-2","extra_heavy",100,0.83,1.26455313697814,0.163823948864332,0.0408778864725649,1.32008279908188,-0.0188519969175329,0.0271375507443431,0.476760340913517,1.04885828444713,0.336786320073051,1.21930000427535,0.538708080819854,0.0359267703235028,0.41139159090846,1.88276204726769,0.277684187843726,0.975999999999999,0.557999999999993
"11424-3","extra_heavy",100,0.83,1.05883456261021,0.459573517791383,0.131295565303093,0.889581522913699,0.840506404381515,0.0919009196443946,0.333147006807605,0.816838728198927,0.293480393752449,0.759512298608082,2.92221607646833,0.191920725530252,0.441729909830264,2.87096443746408,0.275360865968516,1.09899999999993,0.562999999999988
"11424-4","extra_heavy",100,0.74,1.06061315104292,0.391852177684512,-0.0345085806362708,0.957025694618362,0.38397851150604,0.0170174746838934,0.333738909590507,0.490100207768202,0.30800370440439,1.01685912159254,1.63751838358647,-0.0951888595369288,0.327625838393288,2.5463536436137,0.283193893077565,0.942000000000007,0.574000000000069
"11424-5","extra_heavy",100,0.77,1.11053793341263,0.636637819456526,0.12479538295205,1.03584923940635,0.45975986558769,0.275604529945724,0.378315837379455,0.591950766954159,0.310236187096763,0.878113222813542,3.85129243960487,0.191841523369529,0.41071143929802,3.47836236401863,0.27927917578365,1.13800000000003,0.538000000000011
