"sim","censoring","n","perc_censored","alpha_fc","beta_fc","gamma_fc","alpha_extrap","beta_extrap","gamma_extrap","se_alpha_extrap","se_beta_extrap","se_gamma_extrap","alpha_extrap_no","beta_extrap_no","gamma_extrap_no","se_alpha_extrap_no","se_beta_extrap_no","se_gamma_extrap_no","time_extrap","time_extrap_no"
"11423-1","extra_heavy",2000,0.7795,1.00968367481857,0.568371660793674,0.190872641837574,0.988805143431667,0.630953654235552,0.218443002546073,0.0777560723468934,0.225251663132257,0.0629872302092488,0.98376402188918,1.27803980456769,0.197360560460083,0.0843966180393105,0.489244618472716,0.0632423508121087,23.569,1.52700000000004
"11423-2","extra_heavy",2000,0.775,0.969276341978263,0.562709475668337,0.233723517027806,0.953103065488197,0.818542554791527,0.252957435030453,0.0832707599762816,0.299836313263263,0.0659540889511131,0.945154781988812,1.09157139580972,0.238745382875387,0.0805934510962885,0.382650002554481,0.0658709729617135,36.431,1.53100000000006
"11423-3","extra_heavy",2000,0.77,0.969043008481979,0.432872403312602,0.217840191413823,0.964416025649482,0.731291698971804,0.214711534041153,0.0779509274785659,0.357480251001961,0.061983523099328,0.958119317385292,0.898252907626731,0.223104221977393,0.0788005951761784,0.439124160734167,0.0659608001835598,35.5069999999999,1.55400000000009
"11423-4","extra_heavy",2000,0.7905,0.985760166484553,0.450671173322337,0.250890336499112,0.993068949201042,0.461360042026122,0.249818809304709,0.0791899623604312,0.235513971736725,0.0677969696231703,0.9830252726321,0.684780436113147,0.259266392262668,0.0860477897656913,0.355951958330677,0.06629920379146,36.0549999999999,1.55300000000011
"11423-5","extra_heavy",2000,0.7675,0.980063027075496,0.42742113162078,0.276733188799625,0.938391996679248,0.780444969763205,0.288813807173807,0.0798736196638716,0.3162643779546,0.0643637957845277,0.9399550037731,0.945412644055914,0.282051712364168,0.0792883116713947,0.38124943647212,0.0654298028853775,42.5999999999999,1.49700000000007
