"sim","censoring","n","perc_censored","alpha_fc","beta_fc","gamma_fc","alpha_extrap","beta_extrap","gamma_extrap","se_alpha_extrap","se_beta_extrap","se_gamma_extrap","alpha_extrap_no","beta_extrap_no","gamma_extrap_no","se_alpha_extrap_no","se_beta_extrap_no","se_gamma_extrap_no","time_extrap","time_extrap_no"
"11424-1","extra_heavy",2000,0.762,1.02902123760303,0.419487217560072,0.270038320757461,0.977132022201637,0.610497907964438,0.243775741387301,0.0707991416067739,0.189016489273529,0.0646088391509898,0.947077798816905,1.06515945080093,0.266599685046982,0.0772552877621425,0.327391972090235,0.0654984285767212,25.7140000000001,1.73299999999995
"11424-2","extra_heavy",2000,0.7745,0.982556341834893,0.437315698857562,0.262711967208772,0.916041575021646,1.16065124481093,0.227706641749185,0.0813101742902825,0.371173374065901,0.0686725240814256,0.904650105756193,1.43159265699264,0.25470184866637,0.0835101249596904,0.470648445084256,0.0671165128338924,41.3240000000001,1.51999999999998
"11424-3","extra_heavy",2000,0.7565,0.981188112434605,0.488426197947058,0.234239115589124,1.00747010325901,0.464350830593575,0.233858340471707,0.0771697173102156,0.243811932951771,0.0662530046484877,0.995276353134294,0.828284520210676,0.227041268568285,0.0788524827464946,0.418349686211512,0.0667748876920291,27.1840000000001,1.54699999999991
"11424-4","extra_heavy",2000,0.77,0.989800485745919,0.494010662042368,0.259360821008209,0.938771372509393,0.818592393086864,0.229087845464473,0.0711392733935682,0.236716579956038,0.0644307810461337,0.904777094691401,1.5238308246308,0.259163100855687,0.07952446214461,0.448064972057098,0.0639860727109428,28.312,1.4849999999999
"11424-5","extra_heavy",2000,0.7865,1.06010349025994,0.490050614375285,0.188187857744434,1.06267529634238,0.542634610303945,0.203098584015545,0.0811992174829087,0.256666584207551,0.0659680729121015,1.06276496850997,0.649229211964139,0.197633983251033,0.0804993027708019,0.299530027664602,0.0639000783762129,49.877,1.52999999999997
