"sim","censoring","n","perc_censored","alpha_fc","beta_fc","gamma_fc","alpha_extrap","beta_extrap","gamma_extrap","se_alpha_extrap","se_beta_extrap","se_gamma_extrap","alpha_extrap_no","beta_extrap_no","gamma_extrap_no","se_alpha_extrap_no","se_beta_extrap_no","se_gamma_extrap_no","time_extrap","time_extrap_no"
"11438-1","extra_heavy",2000,0.7575,0.975858438951503,0.570360927287646,0.23601739225453,1.04966203559371,0.314600917711603,0.227375415122861,0.0771418736975687,0.18046977387157,0.0649543617862905,1.05111238309105,0.680050291257517,0.221012947835754,0.0793002946127484,0.434923796650535,0.0651913716404987,23.6800000000001,2.29300000000001
"11438-2","extra_heavy",2000,0.768,0.99920104098148,0.585501081786206,0.232144187300835,0.996936084447207,0.850087388274032,0.220814967185888,0.0713958570109038,0.275437363288102,0.0656077685090414,0.971231558452351,1.2289732837108,0.24670439580433,0.0784198520438405,0.381794047081558,0.0654804064652465,53.596,2.20400000000006
"11438-3","extra_heavy",2000,0.7775,1.01311553627714,0.434560896536343,0.277891274788124,1.02936780203798,0.688339336485894,0.275808842360918,0.0776734926046738,0.377541472100585,0.0627755446600068,1.02733134714078,0.751747832202791,0.282174795297296,0.0823763867733675,0.435351052611179,0.0629358657004828,55.774,1.71300000000008
"11438-4","extra_heavy",2000,0.7855,0.961515041806463,0.435646511917294,0.289696746354777,0.932469742744605,0.758752874675167,0.285005233498255,0.0772793079593306,0.307143588107411,0.0639167407564002,0.925733952106049,0.907135005836846,0.28783269386944,0.0808250292901179,0.361831304438046,0.0635759771635916,55.7790000000001,2.71600000000012
"11438-5","extra_heavy",2000,0.7665,1.06413345942055,0.516944323574898,0.158079866252103,1.0696111006034,0.652373523871736,0.157070601709296,0.0751751232235812,0.2790880012559,0.0652170939734945,1.06696619043317,0.89317878251195,0.152366005069153,0.0777699233177969,0.390781307467655,0.0622278437857304,52.8579999999999,2.24500000000012
