"sim","censoring","n","perc_censored","alpha_fc","beta_fc","gamma_fc","alpha_extrap","beta_extrap","gamma_extrap","se_alpha_extrap","se_beta_extrap","se_gamma_extrap","alpha_extrap_no","beta_extrap_no","gamma_extrap_no","se_alpha_extrap_no","se_beta_extrap_no","se_gamma_extrap_no","time_extrap","time_extrap_no"
"11423-1","extra_heavy",500,0.768,0.911429257306442,0.643916228169956,0.262794245884846,0.909510724578607,0.461987759349481,0.108166204786349,0.114188729494133,0.197559551796906,0.140424008333976,0.857453683543008,1.62792102985575,0.275941238924672,0.146050081659316,0.850146253972872,0.118956260579041,3.88900000000001,0.754999999999995
"11423-2","extra_heavy",500,0.79,1.00769726081339,0.52427849984849,0.288082164928821,1.14610688597161,0.0911610939680318,0.286954331257652,0.164611633907521,0.605214991468772,0.138130317376503,1.13716781583226,0.197863724861358,0.294402860916574,0.194494343000335,1.25793027467025,0.134809112043492,5.07299999999998,0.73599999999999
"11423-3","extra_heavy",500,0.78,1.01542118991195,0.458716848922232,0.388360346870774,1.03847335355495,0.307045781390534,0.383420523038641,0.150374318738108,0.309373768048878,0.13026355376272,1.0164481819388,1.1256817623257,0.378890662696282,0.166272067480795,1.07299869918703,0.123492572859834,4.13300000000004,0.756999999999948
"11423-4","extra_heavy",500,0.81,1.01624753519033,0.389798064251591,0.176589476328124,0.981179145383675,0.494752905362789,0.14394205587217,0.130264207544355,0.34172896704248,0.13359555660393,0.940893829123568,1.19524779265366,0.215301322968396,0.162179726756586,0.923110336389156,0.121385785998983,4.93100000000004,0.766000000000076
"11423-5","extra_heavy",500,0.768,1.00364560840459,0.433578637184862,0.180786154515031,0.950883151031026,0.710502763279995,0.176144489890625,0.1626309017381,0.470741103114163,0.130639303294891,0.926489971227172,1.47682210413987,0.163254142199896,0.169184402164841,0.928437366969313,0.130755759346368,5.80500000000006,0.697000000000003
