"sim","censoring","n","perc_censored","alpha_fc","beta_fc","gamma_fc","alpha_extrap","beta_extrap","gamma_extrap","se_alpha_extrap","se_beta_extrap","se_gamma_extrap","alpha_extrap_no","beta_extrap_no","gamma_extrap_no","se_alpha_extrap_no","se_beta_extrap_no","se_gamma_extrap_no","time_extrap","time_extrap_no"
"11427-1","extra_heavy",500,0.764,1.00529750069157,0.24196642537501,0.417323674560392,0.976079491592344,0.486035249986301,0.394579768706662,0.137512321710949,0.497147466842588,0.127220451673994,0.97068151603267,0.703719404886618,0.418404273397621,0.149363182071974,0.783219977591141,0.121722321769764,5.76899999999989,0.636999999999944
"11427-2","extra_heavy",500,0.786,0.950916103540247,0.363884156218346,0.33596367775303,0.849783956138766,0.349507900728336,0.414391398172739,0.183136803843744,0.257575337328379,0.142084297548788,0.88645897020299,1.07445020966781,0.337306785785443,0.168726342852888,0.887955032507056,0.128325158730128,4.23299999999995,0.644000000000005
"11427-3","extra_heavy",500,0.774,0.918433890879004,0.406544969889275,0.415862142817753,0.964471528690733,0.284497459367521,0.383451313512813,0.123522333541207,0.383330225988475,0.131127564520743,0.95963802911443,0.539606328568724,0.411999314216354,0.153779359102236,0.864089011912967,0.124988655350708,4.65200000000004,0.645999999999958
"11427-4","extra_heavy",500,0.748,1.01465396299543,0.53613689410595,0.208148521982606,0.98752785567406,0.936228909200828,0.18316219234449,0.143781442326261,0.552916428254475,0.122122428567073,0.974854382314632,1.29198147961012,0.194249750500278,0.144570927861276,0.772966306795969,0.119385200068537,5.86800000000005,0.642999999999915
"11427-5","extra_heavy",500,0.762,1.02189382369396,0.332296833862051,0.238015543641273,1.06071373137701,0.175687261768215,0.224630780423536,0.151429600884716,0.308119131415653,0.129121313327625,1.00767727168637,0.982088238786787,0.217441675860957,0.168901720835187,1.07738675399391,0.128213194728381,3.625,0.641999999999939
