"sim","censoring","n","perc_censored","alpha_fc","beta_fc","gamma_fc","alpha_extrap","beta_extrap","gamma_extrap","se_alpha_extrap","se_beta_extrap","se_gamma_extrap","alpha_extrap_no","beta_extrap_no","gamma_extrap_no","se_alpha_extrap_no","se_beta_extrap_no","se_gamma_extrap_no","time_extrap","time_extrap_no"
"11425-1","extra_heavy",2000,0.7735,1.03199088939368,0.455005558050843,0.279931605789346,1.07711955450657,0.348289449962147,0.265455860967104,0.0739555330616913,0.208525094519557,0.0616598604218528,1.07326144911731,0.623357907134753,0.261747448359755,0.0763997432696478,0.370779956415146,0.0627002854674966,27.082,1.56499999999994
"11425-2","extra_heavy",2000,0.77,1.03847413766735,0.432225686297705,0.234161187638586,1.07001173463639,0.330579298652349,0.240725356379949,0.0783158269171319,0.21604711492162,0.0656495553056581,1.05928463326286,0.628251057477853,0.231231307665338,0.0790115390460312,0.382780569557714,0.0642693618658964,34.26,1.58100000000002
"11425-3","extra_heavy",2000,0.7795,1.0507918039045,0.41307502922656,0.304369811580296,1.01223275931794,0.48443609571961,0.284756797503339,0.0707955038007376,0.173558393313178,0.0631617924859817,0.989736867003788,1.15548383027575,0.308739502509095,0.080898455291876,0.42503405845214,0.0646529987291397,23.8869999999999,1.51800000000003
"11425-4","extra_heavy",2000,0.7785,0.974960604103326,0.498454706714888,0.253203425842915,0.894179522843771,0.926246214645502,0.2652137553796,0.0803765619502912,0.285184598281548,0.0642108748837579,0.880845868739407,1.3167711162571,0.260536909854353,0.0817564391526522,0.383310272755189,0.063738360535924,36.9119999999999,1.59900000000005
"11425-5","extra_heavy",2000,0.7845,0.984607601955622,0.500925682052864,0.22835753572486,1.01105921290115,0.316458251914249,0.229369649337018,0.0776062867810385,0.155261025116487,0.0659944387770975,0.990523063151828,0.739777825424163,0.227596090864414,0.0824501689443386,0.343071391646871,0.0655927313566588,22.293,1.54300000000001
