"sim","censoring","n","perc_censored","alpha_fc","beta_fc","gamma_fc","alpha_extrap","beta_extrap","gamma_extrap","se_alpha_extrap","se_beta_extrap","se_gamma_extrap","alpha_extrap_no","beta_extrap_no","gamma_extrap_no","se_alpha_extrap_no","se_beta_extrap_no","se_gamma_extrap_no","time_extrap","time_extrap_no"
"11440-1","extra_heavy",100,0.83,1.18297156102329,-0.000256968888926695,0.222464178021635,1.15785576421807,0.00301601295072742,0.217343043540494,0.266709532390286,0.0311767566285275,0.30197433530711,1.12766642345421,0.39128584134775,0.21612519659048,0.390768997268876,2.39017414541612,0.26497342251263,1.32899999999995,0.93100000000004
"11440-2","extra_heavy",100,0.8,1.23466984480744,0.108309327763894,0.288174883215965,1.37856935735662,-0.271146171417356,0.229173611421165,0.495270502488185,1.12022072637002,0.367784228048906,1.17013135330715,1.15779895984179,0.286940608887974,0.457938535653577,4.36511509147581,0.295236313758622,1.40499999999997,0.830000000000041
"11440-3","extra_heavy",100,0.76,0.79329244647308,0.374050109994889,0.448356169279485,0.765913956945625,0.357483904687201,0.29999099323161,0.293000751751099,0.521044501143956,0.375982022580778,0.743377661927946,0.803199509057,0.444428644170093,0.378413998170113,1.64789094768147,0.304212864012904,1.25999999999999,0.81899999999996
"11440-4","extra_heavy",100,0.78,0.75937222719777,0.775916040177812,0.17351255432953,0.812812831832301,0.162037137666961,0.259314706554765,0.301528799016095,0.170199815057015,0.283227160867085,0.68860586178524,2.74393821148409,0.201243692295311,0.322241232385316,2.17698730498523,0.265627079924145,1.18799999999999,0.833999999999946
"11440-5","extra_heavy",100,0.79,1.01961912911699,0.451414346064116,0.0319575772602126,1.38778529861845,-0.393250699337167,-0.0473081453057514,0.356190492421599,0.5035913965373,0.306304252077749,1.43565670689268,-1.78767100338876,0.0303233710876855,0.390539628117896,2.16188964695276,0.294543905825281,1.63599999999997,0.797000000000025
