"sim","censoring","n","perc_censored","alpha_fc","beta_fc","gamma_fc","alpha_extrap","beta_extrap","gamma_extrap","se_alpha_extrap","se_beta_extrap","se_gamma_extrap","alpha_extrap_no","beta_extrap_no","gamma_extrap_no","se_alpha_extrap_no","se_beta_extrap_no","se_gamma_extrap_no","time_extrap","time_extrap_no"
"11430-1","extra_heavy",100,0.77,1.06793075450069,0.360777000951425,0.323791749993579,0.652733743779581,0.161692817266829,0.751473978538966,0.494343968592059,0.141617948948526,0.46388905864728,0.835517708290053,3.2274348080108,0.337961386027948,0.366198728458962,3.05189764246744,0.268744467061492,0.903999999999996,0.551000000000045
"11430-2","extra_heavy",100,0.77,1.1243852471095,0.389244072593958,0.379702333092537,1.40115066500089,-0.00814635598009797,0.543132498775223,0.250833088673122,0.00766518695013715,0.322469274111395,1.50230577704169,-2.20340878583822,0.379650361177423,0.35875151815741,2.37448776112725,0.267795539165496,0.82000000000005,0.652000000000044
"11430-3","extra_heavy",100,0.76,1.45825798948508,-0.502230459524295,-0.106021563696953,1.64595447449537,-0.50140221209797,-0.289114092133501,0.385389335997135,0.520363910748995,0.340137891660361,1.50239686300429,-1.50120935869661,-0.0805704065464878,0.325731500488775,2.36221018123054,0.257385656613143,1.21399999999994,0.674999999999955
"11430-4","extra_heavy",100,0.79,1.02306693794553,0.14427921463652,0.536800195310347,1.35826866592383,-0.145776812049384,0.284028509908495,0.533398575676401,0.246494944591493,0.512018814038287,1.39149448454981,-2.21706974225985,0.499385317841904,0.465055244906208,2.76668844897017,0.337479221273523,0.956000000000017,0.535999999999945
"11430-5","extra_heavy",100,0.81,1.15477631984142,0.428635933621261,0.000130853165605393,0.822153467859331,0.16680751357116,0.310603387797884,0.46925907877812,0.146337881802147,0.405242718609082,1.07207744605484,2.03982719428353,-0.0471208479670763,0.401717893481242,2.79769047109665,0.275613130736436,0.911999999999921,0.586999999999989
