"sim","censoring","n","perc_censored","alpha_fc","beta_fc","gamma_fc","alpha_extrap","beta_extrap","gamma_extrap","se_alpha_extrap","se_beta_extrap","se_gamma_extrap","alpha_extrap_no","beta_extrap_no","gamma_extrap_no","se_alpha_extrap_no","se_beta_extrap_no","se_gamma_extrap_no","time_extrap","time_extrap_no"
"11434-1","extra_heavy",500,0.788,0.898791245832165,0.801701730289792,0.388424674162214,0.751158986164425,1.5162521199736,0.477607689031277,0.171157417306872,0.619572516459865,0.131651642828103,0.770220076565395,2.14259167465372,0.412091764402351,0.169669246326892,0.901086179711152,0.126938433950396,7.01400000000001,0.69500000000005
"11434-2","extra_heavy",500,0.774,0.98516276194204,0.453055748165977,0.306111140161461,1.0675900557404,0.162706377659561,0.278371219172876,0.144730104896595,0.289753259736621,0.123457186190908,1.05544085013159,0.507085134063403,0.273155696427406,0.15585212491984,0.838283049317015,0.124801642600824,4.93899999999996,0.691000000000031
"11434-3","extra_heavy",500,0.798,1.01718810636825,0.598648935046156,0.340785246527605,1.01452504058948,0.435784461812855,0.29741193092613,0.134991793024507,0.25130195969997,0.127458638435401,0.953352652717745,1.34419427524034,0.353713367580989,0.162445977042241,0.777062347098817,0.12235011927953,5.02999999999997,0.696000000000026
"11434-4","extra_heavy",500,0.812,0.93881623900242,0.485656862787404,0.314059865729996,0.880475023144368,0.607252552590547,0.339587727467949,0.157689397839354,0.38422183336548,0.127200083825708,0.888616641308109,1.29667057664387,0.30973281200188,0.169581535560373,0.931379210138186,0.124512062142263,5.71900000000005,0.821000000000026
"11434-5","extra_heavy",500,0.762,1.04162091497735,0.418261731883193,0.231662094658647,1.10796869069419,0.309071815257755,0.224398979192043,0.144354387116061,0.681708723308751,0.137197159625332,1.13197371187172,0.174087186976264,0.248178623722938,0.175028387865055,1.20383327880933,0.131028765022128,5.77700000000004,0.90300000000002
