"sim","censoring","n","perc_censored","alpha_fc","beta_fc","gamma_fc","alpha_extrap","beta_extrap","gamma_extrap","se_alpha_extrap","se_beta_extrap","se_gamma_extrap","alpha_extrap_no","beta_extrap_no","gamma_extrap_no","se_alpha_extrap_no","se_beta_extrap_no","se_gamma_extrap_no","time_extrap","time_extrap_no"
"11436-1","extra_heavy",2000,0.785,0.970789536272264,0.616768206321482,0.210115139336485,0.964408562796857,0.459420252532836,0.208063221320181,0.0769226100723821,0.140845048912098,0.0645363908795318,0.94291367277881,1.3126893124914,0.192148653774626,0.0807759241438242,0.406949373273145,0.0624239757615195,22.787,1.78099999999995
"11436-2","extra_heavy",2000,0.7655,1.0136159220571,0.406428721257988,0.242467635193347,0.999738654062868,0.576150344583387,0.253569096438407,0.0763931822497801,0.259809917741128,0.0639811253260908,0.97907763633164,1.01979787474828,0.243848354471979,0.0786019498329962,0.414937695087748,0.0652704706052293,41.287,2.10500000000002
"11436-3","extra_heavy",2000,0.7695,1.03543991965197,0.541590644655815,0.239572360331292,1.07269429071949,0.423273180478002,0.235221934140189,0.0769029746499989,0.22504309762416,0.0641943116957096,1.07130435609656,0.588507554897476,0.229302397380644,0.0762665120715799,0.304118914794298,0.0655976206440434,60.1319999999999,2.59500000000003
"11436-4","extra_heavy",2000,0.7585,0.987203249413208,0.489349880794236,0.254721632520022,0.877990950611046,1.34070128102312,0.260848630805153,0.0768212840595016,0.327974580553983,0.0653939927732035,0.875096629383283,1.58446570851214,0.262346743244985,0.0768851756507024,0.384208580402442,0.0644152418523222,44.625,2.32799999999997
"11436-5","extra_heavy",2000,0.7795,0.961138086315019,0.466060313661647,0.24508901880687,0.993965903982375,0.419776985904775,0.26259341419675,0.0786795005888026,0.278577965632713,0.0634019851101502,0.988304392093309,0.646283074491887,0.257696382891553,0.0773103767740824,0.397852107643288,0.0609234795269052,41.51,1.78600000000006
