"sim","censoring","n","perc_censored","alpha_fc","beta_fc","gamma_fc","alpha_extrap","beta_extrap","gamma_extrap","se_alpha_extrap","se_beta_extrap","se_gamma_extrap","alpha_extrap_no","beta_extrap_no","gamma_extrap_no","se_alpha_extrap_no","se_beta_extrap_no","se_gamma_extrap_no","time_extrap","time_extrap_no"
"11432-1","extra_heavy",500,0.796,0.941801898067272,0.568869088368634,0.319812101154563,0.977922429909203,0.222003670318402,0.359955356165952,0.179742717500736,0.287307499707479,0.137381229657888,0.979925683233176,0.868591482804023,0.330861470329426,0.180740999512821,1.19651323428591,0.131565845087674,4.70100000000002,0.690000000000055
"11432-2","extra_heavy",500,0.79,1.08329160011653,0.468097852773349,0.178628087073619,1.14041672249973,0.371155253885232,0.196320539119228,0.175871203763043,0.691887436340627,0.128459379436927,1.11366288459452,0.732907386484622,0.184071061688639,0.172215714500634,1.01257999072546,0.132467182400067,6.64499999999998,0.687000000000012
"11432-3","extra_heavy",500,0.774,1.01511326103958,0.456792264561689,0.295224688425449,0.907701659587996,0.429929988851014,0.297518972609571,0.153468027579111,0.190778408203585,0.125981733752147,0.847121619682773,2.4768474248559,0.292777284760922,0.171608928889535,1.11513936197072,0.134310120716031,3.94600000000003,0.912000000000035
"11432-4","extra_heavy",500,0.768,1.03518978862007,0.374058085244232,0.217009900218086,1.02384085841932,0.481633600514161,0.20487940367459,0.162515763631146,0.500720214581046,0.128378405108207,1.00419312884952,0.995813000826386,0.198189281715101,0.174015901411512,1.02795755069647,0.129225726475627,6.58999999999992,0.688000000000102
"11432-5","extra_heavy",500,0.802,0.943182324873095,0.521683717065281,0.272875114432287,0.773288190475284,0.376168400982195,0.396930924640042,0.1759746919774,0.177065012922632,0.134302521920136,0.836359411575983,1.4365354872561,0.277061957803112,0.161758402399422,0.745121830776008,0.125944364440713,4.31999999999994,0.777000000000044
