"sim","censoring","n","perc_censored","alpha_fc","beta_fc","gamma_fc","alpha_extrap","beta_extrap","gamma_extrap","se_alpha_extrap","se_beta_extrap","se_gamma_extrap","alpha_extrap_no","beta_extrap_no","gamma_extrap_no","se_alpha_extrap_no","se_beta_extrap_no","se_gamma_extrap_no","time_extrap","time_extrap_no"
"11431-1","extra_heavy",100,0.85,0.838750688643847,0.704521880367579,0.279953457984363,1.05244656269413,0.000134617135299671,0.26975093509872,0.257077536282629,0.114319910432907,0.395012653008055,1.10970582121061,-0.454122850654481,0.278215651996948,0.420570989076697,2.6429711548989,0.264118332296382,0.870000000000005,0.548999999999978
"11431-2","extra_heavy",100,0.82,1.10865631620704,0.470364123788786,0.110428916467816,1.03972164411808,0.0931844672688841,-0.974384809326551,0.208972751076658,0.0338656633592841,0.486173674689543,0.364759912458199,6.04567321576913,0.0947851782247485,0.330198858652054,2.00933520573555,0.282155604779974,0.865999999999985,0.634000000000015
"11431-3","extra_heavy",100,0.77,0.779191972527379,0.709003084562636,0.461859449440566,1.18435968752886,-1.31043794298876,0.466422020360583,0.358161174378684,2.49087192668605,0.325677171065764,1.20138310356928,-1.75903213498361,0.460701245269365,0.383651368796555,3.18706506973888,0.323052492241223,1.34000000000003,0.649000000000001
"11431-4","extra_heavy",100,0.82,1.09312044875228,0.35252516404461,0.0746318520349326,1.22984310859028,-0.000921991326373501,0.0548898213923201,0.266316993526416,0.105110618738153,0.27922939278418,1.3196281923758,-0.94594496873602,0.0444270513667509,0.347780892426293,2.99566292926576,0.263423434102143,0.884000000000015,0.594000000000051
"11431-5","extra_heavy",100,0.75,0.99980913492921,0.00369068931705281,0.509598590110165,1.11555137984679,-0.0689146727631369,0.527808113151317,0.255498615997062,0.114129811953161,0.247904284838944,1.20770651290408,-1.17735682545432,0.510326652925336,0.291809345174623,1.31678403349012,0.245042781237535,1.04300000000001,0.655000000000086
