"sim","censoring","n","perc_censored","alpha_fc","beta_fc","gamma_fc","alpha_extrap","beta_extrap","gamma_extrap","se_alpha_extrap","se_beta_extrap","se_gamma_extrap","alpha_extrap_no","beta_extrap_no","gamma_extrap_no","se_alpha_extrap_no","se_beta_extrap_no","se_gamma_extrap_no","time_extrap","time_extrap_no"
"11429-1","extra_heavy",100,0.75,1.07441134242074,0.527658128170994,0.0989594535495383,0.803708063218637,2.33258970333059,0.0331010264068028,0.335863278857276,1.41316682741849,0.278110586517056,0.79874942446663,3.01512125003963,0.0871625743684515,0.360273355307122,1.93113568818571,0.276151345679793,1.11999999999989,0.495000000000005
"11429-2","extra_heavy",100,0.74,1.33331774991338,-0.345032366989119,0.0875585992760208,1.20653266942749,0.0674427179877633,0.13992565808844,0.352624707586459,0.866123945001547,0.300935549220503,1.1773194055195,0.266631428613093,0.144044318127007,0.336644142750929,1.55006774056328,0.284839816147247,1.02999999999997,0.505999999999972
"11429-3","extra_heavy",100,0.79,0.845034999511197,0.648530704563207,0.490549106973554,0.917497211949568,0.945784788017378,0.27296324851332,0.264189448325688,1.20313203676652,0.433199072583648,0.590709959822681,3.75630801093323,0.495177848529084,0.434220928463404,3.08667683458647,0.294612141782419,0.966000000000008,0.504999999999995
"11429-4","extra_heavy",100,0.78,1.2394235691897,0.201921639562025,0.00807709040610207,1.38805851809827,-0.0181978580655384,-0.0348441619094155,0.400142704416172,0.0950796730549744,0.336586621993541,1.37201440205696,-0.469953873082921,-0.0141149943615295,0.346154292904036,2.83830820021116,0.290069629104248,0.742000000000075,0.504999999999995
"11429-5","extra_heavy",100,0.79,0.931770868265735,0.865391698763124,0.422638316886866,0.892066206875942,0.275757048575899,0.412893322544045,0.349631003607103,0.226548470945248,0.293781531644278,0.80079269837413,2.90954960854289,0.423567141688415,0.398202429832498,2.36698341330348,0.291931927871638,0.847000000000094,0.494000000000028
