"sim","censoring","n","perc_censored","alpha_fc","beta_fc","gamma_fc","alpha_extrap","beta_extrap","gamma_extrap","se_alpha_extrap","se_beta_extrap","se_gamma_extrap","alpha_extrap_no","beta_extrap_no","gamma_extrap_no","se_alpha_extrap_no","se_beta_extrap_no","se_gamma_extrap_no","time_extrap","time_extrap_no"
"11422-1","extra_heavy",500,0.758,0.98874535831891,0.616836174602918,0.247073728134207,0.999182136859588,0.684999285508301,0.260992592256184,0.145070973093891,0.467336492400383,0.126692131908146,0.977206086379481,1.27560496273996,0.280405480081903,0.157474848761408,0.892406433708934,0.133755815764637,6.56000000000006,0.99899999999991
"11422-2","extra_heavy",500,0.764,1.01765132341704,0.462749801884184,0.303224526219725,0.962118802726067,0.900810260677921,0.162311087444527,0.113507834629501,0.409463145257081,0.153151487668642,0.858691707755991,2.2123039971923,0.340955015962607,0.160317923812589,1.09006930559716,0.122495877590978,6.18299999999999,0.952999999999975
"11422-3","extra_heavy",500,0.784,1.05653457847524,0.326487252226539,0.249513106752042,1.21444068073798,-0.322653136153915,0.242708942218977,0.171703477468813,0.732815514002176,0.132570124420721,1.23237449839032,-0.497344151597236,0.245951959793564,0.169337667890865,0.909050981233695,0.130070462830517,9.54900000000009,1.05399999999986
"11422-4","extra_heavy",500,0.758,0.872958885342725,0.625968252722015,0.412298658426578,0.708257331782665,0.715690463255274,0.496359828601261,0.171471175783878,0.298914841986633,0.136590484767427,0.702205062647113,2.29561971601646,0.400013095231973,0.160798729092989,0.886539741303668,0.126358453942119,5.6400000000001,1.1579999999999
"11422-5","extra_heavy",500,0.796,0.987793341004509,0.640694981108824,0.306737509160563,0.986803135290247,0.80094583972229,0.259369612066482,0.139131994200587,0.462081405858922,0.128031938757512,0.954957604481865,1.88127570986843,0.292910754074962,0.160667846486252,1.17739483097291,0.128631355346805,7.32899999999995,1.01099999999997
