"sim","censoring","n","perc_censored","alpha_fc","beta_fc","gamma_fc","alpha_extrap","beta_extrap","gamma_extrap","se_alpha_extrap","se_beta_extrap","se_gamma_extrap","alpha_extrap_no","beta_extrap_no","gamma_extrap_no","se_alpha_extrap_no","se_beta_extrap_no","se_gamma_extrap_no","time_extrap","time_extrap_no"
"11430-1","extra_heavy",2000,0.785,1.02113316215656,0.426078447483852,0.272252723197669,0.993607525801772,0.408500790072797,0.268951285412064,0.0741553673429798,0.159208411793932,0.0611289465438758,0.981589079619082,0.835632304705267,0.276417898955769,0.0768833027825779,0.322959542259446,0.0624791898762352,25.3190000000001,1.51999999999998
"11430-2","extra_heavy",2000,0.7605,0.931634229672117,0.445721740036378,0.329771199655991,0.868493695674997,0.890166455651489,0.3368406262649,0.0764231944424347,0.289503004154554,0.0621099922462675,0.862437308282302,1.27502915580586,0.340020822905154,0.0843031140724549,0.447046770462208,0.0645345461493485,40.5260000000001,1.98300000000006
"11430-3","extra_heavy",2000,0.7715,1.00332232497439,0.614050575998789,0.21043490546366,1.04948330158153,0.656746499544236,0.191670880544873,0.0736411284179005,0.305815068537814,0.0667133553428941,1.03690035733295,0.839713699476215,0.21516985655899,0.0826454092491979,0.404394846397574,0.0647372318788625,46.8040000000001,1.42399999999998
"11430-4","extra_heavy",2000,0.7735,1.03367817639072,0.454198518553303,0.235532093182222,0.939101552217714,0.904797916198813,0.253801784934971,0.0811619455663914,0.256447552984068,0.065389616370286,0.933600740263342,1.3736069336212,0.226118925876155,0.0817255831853452,0.385882257971109,0.0639620668493109,35.024,1.69099999999992
"11430-5","extra_heavy",2000,0.7815,0.977073843738847,0.589892890931109,0.183934065096372,0.987319309855935,0.804328897127289,0.199867237208721,0.0841100249496285,0.343649077285269,0.0651576014306625,0.982841487309296,0.970479000416813,0.192317625801831,0.083887722139383,0.401138949150955,0.063033050910354,53.99,2.06500000000005
