"sim","censoring","n","perc_censored","alpha_fc","beta_fc","gamma_fc","alpha_extrap","beta_extrap","gamma_extrap","se_alpha_extrap","se_beta_extrap","se_gamma_extrap","alpha_extrap_no","beta_extrap_no","gamma_extrap_no","se_alpha_extrap_no","se_beta_extrap_no","se_gamma_extrap_no","time_extrap","time_extrap_no"
"11439-1","extra_heavy",500,0.766,1.01795805010618,0.428336433819505,0.243722072814015,1.09537543085326,0.219440039724301,0.23071374969415,0.128392948318507,0.481600892438021,0.137856616748634,1.10185485258227,0.281058066287302,0.249717366921,0.159808326413006,0.897612960889611,0.131390035727733,6.05799999999999,1.029
"11439-2","extra_heavy",500,0.78,1.06347935852192,0.523159311753521,0.065490561284384,1.09835611920263,0.196469980136369,0.119303919640929,0.169507397080991,0.248688826995568,0.140642102757584,1.12612981024887,0.498853421982625,0.0815122728211469,0.167559788808425,0.839411424123625,0.130283333787114,5.54100000000005,1.01199999999994
"11439-3","extra_heavy",500,0.762,1.01096178010729,0.503265797645923,0.216809767322913,0.88808359913719,0.871958171808626,0.231785661748336,0.151099764519862,0.369587687430602,0.129209686902059,0.875284264539888,1.84450621425412,0.218199405920648,0.1565941447817,0.803728546152647,0.125332365013278,6.00799999999992,0.88900000000001
"11439-4","extra_heavy",500,0.782,0.897828336425021,0.612538893814481,0.225557947951818,0.814340555772644,0.37439027316972,0.332225019600164,0.197861969483989,0.235671191913694,0.158458372422351,0.872240472715551,1.35148947523962,0.220798956516356,0.177755536877353,0.979747427216549,0.136535877764815,4.64300000000003,0.733000000000061
"11439-5","extra_heavy",500,0.772,1.10293924657639,0.28830849518172,0.203174458765938,1.13229323245505,0.240591213913278,0.207953252197896,0.166018294706114,0.538069944344399,0.128852988034816,1.13689741041594,0.421196386116128,0.192781701675215,0.16225074038666,0.962333321334829,0.125441880297474,7.01599999999996,1.04700000000003
