"sim","censoring","n","perc_censored","alpha_fc","beta_fc","gamma_fc","alpha_extrap","beta_extrap","gamma_extrap","se_alpha_extrap","se_beta_extrap","se_gamma_extrap","alpha_extrap_no","beta_extrap_no","gamma_extrap_no","se_alpha_extrap_no","se_beta_extrap_no","se_gamma_extrap_no","time_extrap","time_extrap_no"
"11424-1","extra_heavy",500,0.76,1.01734929424722,0.514063881651872,0.21596144509728,1.1137864162108,0.15644811273324,0.230393972676772,0.141023013876185,0.339759355362866,0.132352634767987,1.10101646080368,0.323154101616965,0.2362819544493,0.148477663336352,0.638320559461186,0.128965179710502,4.72499999999991,0.726999999999975
"11424-2","extra_heavy",500,0.746,1.04778188673716,0.549697022828319,0.179289846055952,1.03671600313526,0.711534497417362,0.196668935926116,0.171688211999496,0.574155470982663,0.14510337982616,1.03529499112368,1.28164042031557,0.150027643887549,0.164496244043472,0.962182132183801,0.134471986159773,6.14999999999998,0.745000000000005
"11424-3","extra_heavy",500,0.776,1.06480146317994,0.568958342720846,0.283718646135155,1.08525329084887,0.357367899285767,0.343844392592152,0.176234579630562,0.381750401090013,0.13896279030389,1.0807472858384,1.07940121466481,0.31445657531276,0.179543904865162,1.13370513019877,0.135182951717583,5.24099999999999,0.735000000000014
"11424-4","extra_heavy",500,0.796,0.941817864172641,0.522271601150838,0.323330181805336,0.953663363330122,0.589221236008238,0.317491047555581,0.16169542658138,0.514387030457231,0.123688637781059,0.963283890987605,0.789665442100077,0.292160585428337,0.155340103765748,0.661141674061366,0.124610338639939,5.22000000000003,0.748000000000047
"11424-5","extra_heavy",500,0.782,0.968793628626146,0.544645710041872,0.142930605399738,0.907429901627386,0.443755858434985,0.147155179716225,0.161175566144052,0.250986022502673,0.132359414659899,0.88157829755936,2.09020878997792,0.128608693044966,0.168798287647287,1.17901195131079,0.128411026420192,3.95900000000006,0.763000000000034
