"sim","censoring","n","perc_censored","alpha_fc","beta_fc","gamma_fc","alpha_extrap","beta_extrap","gamma_extrap","se_alpha_extrap","se_beta_extrap","se_gamma_extrap","alpha_extrap_no","beta_extrap_no","gamma_extrap_no","se_alpha_extrap_no","se_beta_extrap_no","se_gamma_extrap_no","time_extrap","time_extrap_no"
"11437-1","extra_heavy",500,0.778,0.949694492039308,0.415591772653967,0.324548901848485,0.959265656963551,0.418050062818862,0.308910624665809,0.143184415875179,0.467804686585212,0.132539945427325,0.927924637424805,0.828362486289714,0.323068019593176,0.162527996450547,0.873595705779166,0.130555145691465,6.70900000000006,0.979000000000042
"11437-2","extra_heavy",500,0.764,1.05812179537411,0.529872891503708,0.241773156538993,0.90538861975158,1.64534818523082,0.251778451949291,0.15274330230108,0.702171861735456,0.122294160215093,0.865129090133407,2.52754869391442,0.267992922092238,0.161818162172263,1.04435695526851,0.123957920314936,8.75900000000001,1.18299999999999
"11437-3","extra_heavy",500,0.794,1.12430305983065,0.501889718284056,0.201082735489574,1.04078043456809,0.844502809806564,0.137741820368068,0.145004369052738,0.393610273325076,0.134011141346647,0.974639151286138,1.63381250868715,0.196192527855134,0.17051384454536,0.758239261142744,0.128372030750132,6.35500000000002,1.06700000000001
"11437-4","extra_heavy",500,0.776,0.947804404552385,0.627915640936843,0.191907032396512,1.00677812380796,0.221151129682356,0.101952417278656,0.123228575322754,0.129028304800468,0.135678701414669,0.948148746152057,1.52052798366743,0.159353845745159,0.147395622242708,0.932658607612488,0.128452348606958,4.35399999999993,1.03700000000003
"11437-5","extra_heavy",500,0.772,1.01384231515106,0.5288608941783,0.136538452567599,1.12689376063436,0.063935310322232,0.133565760892622,0.180961195131526,0.253061437981058,0.158510786096889,1.10771663844878,0.432967921037039,0.119822784853491,0.164645821520481,1.11671309284998,0.1298217712497,5.26400000000001,1.06600000000003
