"sim","censoring","n","perc_censored","alpha_fc","beta_fc","gamma_fc","alpha_extrap","beta_extrap","gamma_extrap","se_alpha_extrap","se_beta_extrap","se_gamma_extrap","alpha_extrap_no","beta_extrap_no","gamma_extrap_no","se_alpha_extrap_no","se_beta_extrap_no","se_gamma_extrap_no","time_extrap","time_extrap_no"
"11432-1","extra_heavy",100,0.74,0.741871410029467,1.24963713972747,0.376626748387468,0.857418323648524,1.36253030069373,-0.0377944044017125,0.243053845261098,0.883009629161837,0.41561812863571,0.758542831653397,2.73281543986513,0.344907203917133,0.35760226000593,2.99359623809974,0.307240773057054,1.16800000000001,0.548999999999978
"11432-2","extra_heavy",100,0.73,0.961536348031079,0.611068619510639,0.182579265449634,0.572078010395894,2.14175211148453,0.377656308246856,0.434957195536123,1.2566190276473,0.36592496622702,0.425114419759782,6.28998832271923,0.0681816503124202,0.371860200158914,2.43521314073238,0.332526843927532,1.13300000000004,0.59800000000007
"11432-3","extra_heavy",100,0.75,0.978736000555435,0.538181093079289,0.381046041827267,1.16452217471912,0.0110278469349285,0.363392816369837,0.282935045371165,1.53919348062709,0.267084801691494,1.16504517011771,-0.000905008985355859,0.37927505694087,0.316112318928668,1.62388996611913,0.249060448300052,1.31999999999994,0.668000000000006
"11432-4","extra_heavy",100,0.74,0.800300745030605,0.750278852033442,0.229856754611595,0.943045259970975,0.187116287266552,0.164557878965502,0.295238496545296,0.695177556851674,0.312537183558531,1.07517315064091,-0.547983662406535,0.167062678966524,0.377160885671352,2.88308110381564,0.296989801418369,1.10299999999995,0.538000000000011
"11432-5","extra_heavy",100,0.72,0.995105047648908,1.02297968776183,0.155082201734031,1.16903550896782,0.419008565096934,0.136647307170536,0.30990756080997,1.28383476553454,0.269065883497795,1.14705402633481,1.22554399345313,0.129486892842183,0.371401329747535,3.27836857114794,0.2661082752718,1.06700000000001,0.54200000000003
