"sim","censoring","n","perc_censored","alpha_fc","beta_fc","gamma_fc","alpha_extrap","beta_extrap","gamma_extrap","se_alpha_extrap","se_beta_extrap","se_gamma_extrap","alpha_extrap_no","beta_extrap_no","gamma_extrap_no","se_alpha_extrap_no","se_beta_extrap_no","se_gamma_extrap_no","time_extrap","time_extrap_no"
"11441-1","extra_heavy",500,0.744,0.993511372064938,0.574637491155823,0.212374774796063,0.936081126209402,0.715400930857435,0.144132036672752,0.126345480516094,0.315517507836481,0.134782238082169,0.867030837631914,2.055475462559,0.219302656478999,0.14742902052188,0.879603412923925,0.129970359501041,6.5329999999999,0.875999999999976
"11441-2","extra_heavy",500,0.802,0.981419542903289,0.490299688589799,0.309446382775255,0.998826343655994,0.407229243904157,0.278077014407641,0.148037421345366,0.342790312272451,0.129307499727307,0.985840550052295,1.0296746212037,0.305853283222675,0.182824865392411,1.05145784328021,0.130045720733178,6.12999999999988,0.928000000000111
"11441-3","extra_heavy",500,0.77,0.945891426057195,0.485008952940488,0.182055513704005,1.06944165143123,0.0625704924548152,0.179135794940167,0.177843324213909,0.413108862203767,0.141371491397531,1.0519679938306,0.245972730196448,0.179971376293978,0.17545139618479,1.14047986413196,0.140252023484375,6.42900000000009,1.11199999999985
"11441-4","extra_heavy",500,0.818,1.01823241697574,0.496058048587036,0.147859163360402,0.875438536268448,1.32593357134701,0.15103925406795,0.161581150764135,0.621205248515989,0.124438996669814,0.85918958690902,1.67007498264677,0.175764834298921,0.170732219354685,0.805504301884324,0.127859169954973,9.66100000000006,1.16599999999994
"11441-5","extra_heavy",500,0.782,1.07615607161907,0.447357339156434,0.250509854256758,1.19093016470771,0.0770962733096721,0.249514521166343,0.147117886079014,0.368060153480836,0.124460614581904,1.18109004110482,0.160812284850674,0.245039751106918,0.159147544217805,0.666169490702235,0.123374679486884,8.11899999999991,1.16899999999987
