"sim","censoring","n","perc_censored","alpha_fc","beta_fc","gamma_fc","alpha_extrap","beta_extrap","gamma_extrap","se_alpha_extrap","se_beta_extrap","se_gamma_extrap","alpha_extrap_no","beta_extrap_no","gamma_extrap_no","se_alpha_extrap_no","se_beta_extrap_no","se_gamma_extrap_no","time_extrap","time_extrap_no"
"11435-1","extra_heavy",100,0.79,1.26487636861628,0.430302239284646,0.138672387001587,1.02415858042709,0.0810336189138536,0.355031286494176,0.495307072348759,0.0926686848662712,0.396788617953033,1.26499443339616,1.21055189163409,0.117365800126535,0.391122094656542,2.7824097675467,0.279238157919568,1.16500000000008,0.754000000000019
"11435-2","extra_heavy",100,0.74,1.23300704032962,0.641474526106147,0.208514008476854,1.32708187271658,0.122646564911705,0.220352256668362,0.293379006239965,0.629727753061003,0.302041276882234,1.35865789635134,0.228350410442549,0.208245941435494,0.339763303783771,3.33352733397314,0.286137249560684,1.327,0.765999999999963
"11435-3","extra_heavy",100,0.75,0.915973023595735,0.308339658401719,0.37635987624537,0.77547007675356,0.0944903725762395,0.476335564710491,0.351321290384474,0.11487520722237,0.304353379908713,0.850409404209033,1.1971009467815,0.375851814472087,0.340723631799132,2.19096691988662,0.279837346906382,1.05900000000008,0.821000000000026
"11435-4","extra_heavy",100,0.76,0.977880291937442,0.486073420113836,-0.103141058558937,0.991978175433526,0.204724495464006,-0.209470827079985,0.215961614663752,0.251417345264487,0.27355616255577,0.917734247272699,1.24477379077734,-0.0836169524072774,0.301187419664287,1.88795092591191,0.243976702897237,1.21100000000001,0.791999999999916
"11435-5","extra_heavy",100,0.81,0.996929186907912,0.436476467562432,0.113898031421415,0.985803726639643,0.0276099020964653,-0.036224915296747,0.250745301368181,0.0339144914586772,0.319923656304803,0.85209605974883,2.15037035474496,0.11843499403257,0.36798842089865,2.70854886125499,0.280281587981534,0.966999999999985,0.668999999999983
