"sim","censoring","n","perc_censored","alpha_fc","beta_fc","gamma_fc","alpha_extrap","beta_extrap","gamma_extrap","se_alpha_extrap","se_beta_extrap","se_gamma_extrap","alpha_extrap_no","beta_extrap_no","gamma_extrap_no","se_alpha_extrap_no","se_beta_extrap_no","se_gamma_extrap_no","time_extrap","time_extrap_no"
"11433-1","extra_heavy",500,0.784,1.01965835408093,0.397578587558778,0.176016906905834,1.06921717098039,0.415186911386403,0.150405811761259,0.150704843855277,0.575699282470167,0.120430265423119,1.08800483430487,0.499223239248358,0.138521381841189,0.15300810423455,0.893950361593868,0.120813856726678,7.31999999999994,0.865000000000009
"11433-2","extra_heavy",500,0.776,1.03201532373192,0.62571849754249,0.239002064987226,0.876509660711345,1.31261160097372,0.175620594828357,0.130262713542976,0.417145285591936,0.129678430473801,0.788384200723211,2.7146013478545,0.309583301882658,0.152181433943764,0.878921141741784,0.125518649790964,6.56900000000007,0.786999999999921
"11433-3","extra_heavy",500,0.75,0.977147000441252,0.504303793123728,0.260526553583239,0.982489991681386,0.319500297515989,0.285599027378347,0.135659971407229,0.25755093784885,0.132382496688974,0.941054792786648,0.937073585756957,0.308539671051009,0.152653618922284,0.697572768334164,0.131370189739962,4.85900000000004,0.699000000000069
"11433-4","extra_heavy",500,0.794,1.02474560346758,0.719788496173065,0.200125412120329,1.14827016447259,0.377974434918071,0.202180137271831,0.176420773784913,0.475522658031011,0.138880284319298,1.09715664325502,1.11282050651279,0.203081400382254,0.201481348217787,1.14789077390262,0.136181338384953,6.26499999999999,0.763000000000034
"11433-5","extra_heavy",500,0.79,0.902433454757641,0.540751163289049,0.348012126214855,1.01329583443602,0.255504695042905,0.320549448384861,0.153905205145996,0.466116024756353,0.13444964112902,1.01354488449523,0.50112095443067,0.325092865487939,0.173560238441714,1.01222106486641,0.132967484302358,6.00400000000002,0.877999999999929
