"sim","censoring","n","perc_censored","alpha_fc","beta_fc","gamma_fc","alpha_extrap","beta_extrap","gamma_extrap","se_alpha_extrap","se_beta_extrap","se_gamma_extrap","alpha_extrap_no","beta_extrap_no","gamma_extrap_no","se_alpha_extrap_no","se_beta_extrap_no","se_gamma_extrap_no","time_extrap","time_extrap_no"
"11426-1","extra_heavy",2000,0.777,1.08656955694653,0.443278437285817,0.187020620100973,1.10051236586611,0.511230557214778,0.185469813851198,0.0805538801467488,0.267211896918289,0.0629664568973077,1.11239274503665,0.649765194925751,0.168901476671798,0.0802468097304938,0.371452635852992,0.0626992306388737,35.2900000000001,1.32799999999997
"11426-2","extra_heavy",2000,0.768,1.01511537555413,0.453862293798284,0.258118597082627,0.959875251442657,0.798731953575899,0.258291588410105,0.0725561432765736,0.25176016035476,0.0632468788309843,0.944802491587253,1.17179339069873,0.27393493509215,0.0781250016669429,0.389957675408516,0.0629441940887368,33.5509999999999,1.327
"11426-3","extra_heavy",2000,0.7635,0.984785514848274,0.560701794484696,0.213263981401253,0.951762880787213,0.715788245619715,0.230936939563623,0.0742869400419898,0.22789110581612,0.0642846265635421,0.936332501244626,1.14683821928114,0.226381701537781,0.0770143583559572,0.357176303397389,0.0653029207349085,26.3689999999999,1.32899999999995
"11426-4","extra_heavy",2000,0.769,0.969158189496475,0.52366304504022,0.279575099765887,0.963329665942843,0.644472231976167,0.300493785114663,0.0840856962023594,0.276475392833754,0.0667402983729367,0.986566728839512,0.812042727206835,0.270488936835782,0.0823815023564714,0.386200748552867,0.0632270232213724,33.3109999999999,1.3130000000001
"11426-5","extra_heavy",2000,0.768,1.02198366075093,0.474000197630747,0.235937121263164,1.01481189054599,0.510328494923424,0.233573153965509,0.0743166924809911,0.201389731991459,0.0635202142483247,1.00620379324195,1.01715715877023,0.224779017710263,0.0813670185711404,0.416202129262048,0.0621000377926521,19.313,1.31200000000001
