"sim","censoring","n","perc_censored","alpha_fc","beta_fc","gamma_fc","alpha_extrap","beta_extrap","gamma_extrap","se_alpha_extrap","se_beta_extrap","se_gamma_extrap","alpha_extrap_no","beta_extrap_no","gamma_extrap_no","se_alpha_extrap_no","se_beta_extrap_no","se_gamma_extrap_no","time_extrap","time_extrap_no"
"11426-1","extra_heavy",500,0.752,1.10881108606728,0.524163269995723,0.132290456905676,1.16744557016325,0.223673405090887,0.141644472018805,0.152291643718452,0.272461743485992,0.132103046137344,1.12936041970167,1.00370687753671,0.136441800387202,0.162558550912524,0.994842003950446,0.134611414225443,3.20100000000002,0.793999999999983
"11426-2","extra_heavy",500,0.778,1.0873798807745,0.445401026198205,0.139255002576086,1.26761924105009,-0.221557509946012,0.126598879555656,0.163359461636641,0.653287783566018,0.130477864182934,1.26851772847149,-0.337024714132001,0.139392621476181,0.163559636799326,0.969150590236051,0.127355769075504,5.74600000000009,0.650000000000091
"11426-3","extra_heavy",500,0.774,0.949359050998042,0.60800906765207,0.343233344570246,0.886881885111476,1.04454023729031,0.271014540450543,0.155335265852217,0.47912736913975,0.132514853637445,0.87488330483141,1.55639811254053,0.306058398148865,0.166320331164191,0.763957525991692,0.134533981749214,5.702,0.650000000000091
"11426-4","extra_heavy",500,0.764,1.04825706374897,0.500790793354369,0.340402994560276,1.13029036204218,0.313187229001747,0.325954267737591,0.14806715231064,0.661103308678831,0.126094911323891,1.13597123300374,0.415913945678254,0.324126569360625,0.161601432458974,1.06176009748773,0.122330319963633,6.18299999999999,0.63900000000001
"11426-5","extra_heavy",500,0.818,1.08055616616526,0.456340266141199,0.145281868489824,1.14726808106717,0.304619364414836,0.0986102469877011,0.138648382216862,0.4218562631298,0.149207574220189,1.10108482696235,0.723456268403751,0.145235900044269,0.181072399211603,0.914692890714658,0.127513920178316,5.01099999999997,0.649999999999977
