"sim","censoring","n","perc_censored","alpha_fc","beta_fc","gamma_fc","alpha_extrap","beta_extrap","gamma_extrap","se_alpha_extrap","se_beta_extrap","se_gamma_extrap","alpha_extrap_no","beta_extrap_no","gamma_extrap_no","se_alpha_extrap_no","se_beta_extrap_no","se_gamma_extrap_no","time_extrap","time_extrap_no"
"11426-1","extra_heavy",100,0.72,0.911655140602953,0.551266614636347,0.285568994971154,0.944683912723296,0.13628152499909,0.325270699380687,0.337048167553514,0.374556275126584,0.313581934371484,0.991937877466952,0.389708369304166,0.270743101028534,0.29934172132439,1.3778666652638,0.272321963647557,0.90300000000002,0.502999999999929
"11426-2","extra_heavy",100,0.74,0.718800217352331,0.585834112206524,0.596254321330282,0.777693964106102,0.336109021989272,0.574087936904508,0.33206304344934,0.733534000417037,0.299157371400766,0.778518083851838,0.911753525111178,0.576812674913754,0.400694622490862,2.40948377707698,0.296685347272447,0.97199999999998,0.521999999999935
"11426-3","extra_heavy",100,0.76,0.985642261445509,0.335105961374569,0.277657138386348,1.08143295086536,-0.00361231706437571,0.330742793902832,0.227244655130629,0.0730508110850878,0.476292021243888,0.786596771390878,1.50404099201527,0.300534334360536,0.329594290608747,1.42326655127686,0.287812119831182,0.729000000000042,0.512000000000057
"11426-4","extra_heavy",100,0.81,1.27111561353995,0.415205138606395,0.105100351318085,1.26791371215073,0.171588541654421,-0.0254801044127134,0.256158893644303,0.194760890727907,0.298019545525099,1.06861079818992,2.80341174836146,0.0759929829397289,0.336713982610894,2.31506216043749,0.271824306723757,0.87600000000009,0.511999999999944
"11426-5","extra_heavy",100,0.73,0.954698036420549,0.2819044062828,0.224304785114318,0.891996746474805,0.132235570448889,0.316239827309057,0.423728569170375,0.315311031432979,0.39955533307975,0.784128601050054,1.72523029850156,0.229724231931683,0.363556363435024,2.06157547242776,0.308914775124223,0.937999999999988,0.511999999999944
