"sim","censoring","n","perc_censored","alpha_fc","beta_fc","gamma_fc","alpha_extrap","beta_extrap","gamma_extrap","se_alpha_extrap","se_beta_extrap","se_gamma_extrap","alpha_extrap_no","beta_extrap_no","gamma_extrap_no","se_alpha_extrap_no","se_beta_extrap_no","se_gamma_extrap_no","time_extrap","time_extrap_no"
"11425-1","extra_heavy",100,0.8,0.802967919861874,0.400308533407787,0.545813931815981,0.969608281770205,-0.0655777315182742,0.527426120670825,0.437466511689159,0.51271337985391,0.339548093029589,0.935014542367492,-0.187559656929198,0.570732911100055,0.381287336447875,1.71025559452241,0.282285134185308,1.05099999999993,0.595000000000027
"11425-2","extra_heavy",100,0.85,0.87740164883692,-0.000419812627760163,0.651670336062899,0.769663190922648,0.0357511975644956,0.72458398873375,0.565960345780423,0.173563524293687,0.469795677391762,0.878588220448097,-0.102758733591326,0.661367472704747,0.509179045419639,3.93134825034955,0.312981728755624,0.885999999999967,0.576999999999998
"11425-3","extra_heavy",100,0.75,0.766338731743547,1.22606768595698,0.435209712718985,0.742492669320462,1.55747586360028,0.292684283321984,0.285036805076931,1.07833016211693,0.348954386395822,0.627919983858238,3.37033183982436,0.457600563472699,0.326524502321757,2.09540430773056,0.31909053993167,1.10300000000007,0.527999999999906
"11425-4","extra_heavy",100,0.73,1.27844758950944,0.822026865981816,-0.114534445867742,1.45145562846187,-0.000578505481599738,-0.042793441541206,0.199095543346216,0.0152906723834988,0.510823795611914,1.35912863416893,0.938378247406629,-0.0798658013241364,0.299859403107209,2.13058338382594,0.281401642449046,0.876999999999953,0.565000000000055
"11425-5","extra_heavy",100,0.79,0.807736375078969,0.588212995709469,0.257864067117982,1.00675366554541,-0.00852272368096297,0.281265878280426,0.244264751109436,0.0645324860226697,0.453446972382899,1.0550978194907,-0.656521657705285,0.244998322415467,0.395804522258233,3.80421368040091,0.314477510114012,0.998000000000047,0.553999999999974
