"sim","censoring","n","perc_censored","alpha_fc","beta_fc","gamma_fc","alpha_extrap","beta_extrap","gamma_extrap","se_alpha_extrap","se_beta_extrap","se_gamma_extrap","alpha_extrap_no","beta_extrap_no","gamma_extrap_no","se_alpha_extrap_no","se_beta_extrap_no","se_gamma_extrap_no","time_extrap","time_extrap_no"
"11431-1","extra_heavy",2000,0.784,0.928640584730287,0.577211885772887,0.317299529978419,0.998295545997358,0.264245535390524,0.332490642214591,0.07981144593453,0.176532284488261,0.0658936720851315,0.994481121863201,0.546345100405872,0.318954943871718,0.0811148988985501,0.365653234576978,0.0650236851764852,27.499,2.04700000000003
"11431-2","extra_heavy",2000,0.7625,1.01068111105601,0.420948986272879,0.210529855231526,0.989731834062072,0.605933046298912,0.189188838872873,0.0730693975112856,0.255320384974755,0.0652417332718729,0.965419273451161,1.09136288976565,0.201240977752036,0.0773808499197579,0.42593330930512,0.0631615470646462,34.775,2.11900000000003
"11431-3","extra_heavy",2000,0.769,0.972391483088313,0.475666012333139,0.253749461814915,0.999568483870953,0.687930362093329,0.243810670360753,0.0819581283525994,0.390012809616017,0.0624586165002167,0.997324382064681,0.809256072378586,0.238431198250799,0.0795629005003699,0.451772792447116,0.0644896918294249,48.756,1.67100000000005
"11431-4","extra_heavy",2000,0.78,0.992943519175983,0.464406973132453,0.235177995283646,0.968187472219832,0.711872386784297,0.179825749920599,0.0711111180901721,0.234640624792299,0.0643532081532254,0.935942630846954,1.16630824407941,0.223968774059753,0.0802162891606313,0.380904705520139,0.0655514119130101,34.151,1.43999999999994
"11431-5","extra_heavy",2000,0.7735,0.982820311364764,0.572551853426815,0.260134430386379,0.998328262470894,0.608907610913534,0.234460378148038,0.072280851171292,0.227105416585199,0.0639929115729622,0.980876644733803,1.13649958963921,0.242979669599516,0.0801745467578373,0.427775455614768,0.0645307065917234,34.343,1.41499999999996
