"sim","censoring","n","perc_censored","alpha_fc","beta_fc","gamma_fc","alpha_extrap","beta_extrap","gamma_extrap","se_alpha_extrap","se_beta_extrap","se_gamma_extrap","alpha_extrap_no","beta_extrap_no","gamma_extrap_no","se_alpha_extrap_no","se_beta_extrap_no","se_gamma_extrap_no","time_extrap","time_extrap_no"
"11428-1","extra_heavy",500,0.768,0.898834268603428,0.433568716319595,0.406561861223687,0.925780329584688,0.517152720710443,0.417598936099462,0.155088946525753,0.659667341064377,0.122179785449079,0.922797088613369,0.693696356138918,0.414285567031401,0.16197253179367,0.895636701918014,0.12380285797415,5.53600000000006,0.635999999999967
"11428-2","extra_heavy",500,0.776,0.977412084816204,0.298091302898952,0.346815962917518,1.19359840403482,-0.693051738071763,0.313609088280797,0.156358728007812,0.707161164555308,0.123328000116828,1.20430070365836,-0.994172959339003,0.339657669600573,0.151045718728115,0.872576806902774,0.119661163961717,6.274,0.634000000000015
"11428-3","extra_heavy",500,0.782,0.989630042685533,0.683984699412469,0.298712728489534,0.933948775700527,1.5083228684971,0.313657988933199,0.177107354777929,0.878095995069082,0.130741716976285,0.930138291264173,1.84733706157041,0.313856383733606,0.176837151101855,1.07040903199143,0.139163546986006,5.99599999999998,0.637000000000057
"11428-4","extra_heavy",500,0.774,1.00617334641838,0.465041593661004,0.295476044242203,0.983411865839364,0.429402671470906,0.302560217879955,0.148980812400112,0.328234697382659,0.128727056445248,0.988773087568529,0.998479768640865,0.301024421174188,0.16057645126607,0.864645049676695,0.133244579257557,4.54599999999994,0.643000000000029
"11428-5","extra_heavy",500,0.752,0.891166302256863,0.524172066016774,0.311956684287473,0.917399862175765,0.49052174762795,0.310144913495222,0.142748044630097,0.420835586493211,0.124067112005676,0.886312286288292,1.27780572611314,0.32301538836535,0.15296293101406,1.07022176029437,0.132205428676053,4.48400000000004,0.643000000000029
