"sim","censoring","n","perc_censored","alpha_fc","beta_fc","gamma_fc","alpha_extrap","beta_extrap","gamma_extrap","se_alpha_extrap","se_beta_extrap","se_gamma_extrap","alpha_extrap_no","beta_extrap_no","gamma_extrap_no","se_alpha_extrap_no","se_beta_extrap_no","se_gamma_extrap_no","time_extrap","time_extrap_no"
"11428-1","extra_heavy",2000,0.758,1.04397159825065,0.497801713214944,0.190438661909587,0.970429758269639,0.734301205604262,0.22171606879951,0.0754036576421083,0.205817952253268,0.0641686619130565,0.973176236216427,1.14854822270044,0.188557423917886,0.0740260786457066,0.317221889732367,0.0624872925586335,24.4,1.45299999999997
"11428-2","extra_heavy",2000,0.759,0.97431568641426,0.58326661230258,0.295738056947662,0.967868053468438,0.783821292387695,0.296524665985172,0.0761115813583736,0.26426671349253,0.0641094524402228,0.975323398822806,0.923344228798864,0.2811965612673,0.0770388842094869,0.334522145516591,0.0642371156661173,31.943,1.31099999999992
"11428-3","extra_heavy",2000,0.765,0.973905919987469,0.542854803653356,0.283539944553454,1.02014903021656,0.542438799299655,0.283950848148423,0.0816967076703392,0.294681088680166,0.0661498413326735,1.01757992495057,0.748796556288193,0.271933315757314,0.0823445451033321,0.406091790635635,0.0643892624639979,30.859,1.31799999999998
"11428-4","extra_heavy",2000,0.7895,0.965971703249591,0.500909415955216,0.299857042625723,0.934086939222945,0.567595133703019,0.280294492555386,0.0747844300512325,0.182678018916354,0.0627734038534806,0.920457733296836,1.08702358825924,0.294734033767213,0.0781719629926859,0.363175376668322,0.0609815068196254,23.1170000000001,1.45000000000005
"11428-5","extra_heavy",2000,0.774,0.985094537522262,0.475631674246216,0.258473550438047,0.970289907197022,0.54444270588145,0.275669194229279,0.0815046827741652,0.2379665548506,0.0659301449303189,0.967837701883371,0.905584013113678,0.258671232415332,0.079966499990519,0.381171002807098,0.0656751109872455,30.583,1.41899999999998
