"sim","censoring","n","perc_censored","alpha_fc","beta_fc","gamma_fc","alpha_extrap","beta_extrap","gamma_extrap","se_alpha_extrap","se_beta_extrap","se_gamma_extrap","alpha_extrap_no","beta_extrap_no","gamma_extrap_no","se_alpha_extrap_no","se_beta_extrap_no","se_gamma_extrap_no","time_extrap","time_extrap_no"
"11440-1","extra_heavy",2000,0.768,1.00388002167589,0.420539690032486,0.28447085712386,1.01194492329259,0.418215909167364,0.285304731798476,0.0760850991186967,0.205722411516024,0.0628596131532148,0.998734617190006,0.789698658753527,0.276255223243808,0.0776456954396035,0.358403232431126,0.063923572276561,43.405,2.61199999999997
"11440-2","extra_heavy",2000,0.7865,1.04524557208915,0.54852591488961,0.225503009171395,0.881049206126151,0.620562736727262,0.317485359023249,0.0854919307450428,0.138239212792537,0.0675962019602,0.903952661521746,1.65332214369907,0.22452427191438,0.0811314866269136,0.377276217321731,0.0662547204128777,25.8630000000001,2.39200000000005
"11440-3","extra_heavy",2000,0.7755,1.021654900611,0.493248808312089,0.23388710899609,1.02184539136375,0.640476817652331,0.217790131488848,0.0790821466235031,0.264064532433174,0.0639424181930162,1.01342709801037,0.902066535051708,0.221830915270053,0.0805076680620477,0.373755143193158,0.0667055253126206,52.96,2.452
"11440-4","extra_heavy",2000,0.778,1.04422674192057,0.541098691042362,0.219380949740166,0.989358653900867,0.724492099942989,0.178360285883588,0.0723703431442042,0.186313830076811,0.0639406454166764,0.952664563988293,1.43328439057035,0.210988497758748,0.0820812344118384,0.38197111793193,0.0650411023487227,34.2909999999999,2.4860000000001
"11440-5","extra_heavy",2000,0.79,0.9810646914429,0.485284101260557,0.303516896678884,0.984202271909195,0.778106885496768,0.288316258930189,0.0744044241542714,0.356087024193184,0.0636474733203251,0.980429257930152,0.807759075991874,0.310820124271249,0.0813329306461399,0.395896431415078,0.0612000084236686,68.6849999999999,2.73799999999983
