"sim","censoring","n","perc_censored","alpha_fc","beta_fc","gamma_fc","alpha_extrap","beta_extrap","gamma_extrap","se_alpha_extrap","se_beta_extrap","se_gamma_extrap","alpha_extrap_no","beta_extrap_no","gamma_extrap_no","se_alpha_extrap_no","se_beta_extrap_no","se_gamma_extrap_no","time_extrap","time_extrap_no"
"11436-1","extra_heavy",500,0.748,1.00352805455256,0.658484516565705,0.10942965508261,0.918372941507563,1.42532267567102,0.130439996344195,0.148421303417144,0.694815438123459,0.126413304493022,0.911265373885966,1.77796107197405,0.123032791558233,0.152404437538259,0.884892364625662,0.12868290372856,8.43799999999999,0.780000000000086
"11436-2","extra_heavy",500,0.732,0.936783240187509,0.423713328311409,0.399538132833284,0.911492055851529,0.345123940721119,0.406199944899641,0.142266102967493,0.269141226062199,0.128354812085358,0.878474105939552,1.35526817291284,0.397753428208772,0.155360747451938,0.993143990188944,0.128622769264012,4.53700000000003,1.04200000000003
"11436-3","extra_heavy",500,0.762,1.06971844141425,0.439925228437044,0.25643942543121,1.03531602880545,0.574117876474511,0.262121110934117,0.156998001199702,0.465711371337143,0.132154419734842,1.02022255287837,1.1005088584807,0.229854996375057,0.165185882320936,0.8429888504617,0.131365995120681,7.072,0.981999999999971
"11436-4","extra_heavy",500,0.776,1.09230893502561,0.432249566643027,0.0958282276111961,1.04698998492595,0.475507212620077,0.036493669125832,0.134433110642081,0.260219603711432,0.125239516126224,1.01777263009621,1.06984369938287,0.0865076957147797,0.153216646152337,0.620095933738576,0.12481127037647,5.45399999999995,0.754999999999995
"11436-5","extra_heavy",500,0.754,0.998027028892187,0.466457817130801,0.321430488196081,0.993247939419745,0.20489530586517,0.371948066286697,0.148141064843307,0.197001852557165,0.129445038472747,0.984618513401211,0.949247982862357,0.326257880002757,0.14552796105518,0.810555650601084,0.120398802168174,3.72800000000007,0.878999999999905
