"sim","censoring","n","perc_censored","alpha_fc","beta_fc","gamma_fc","alpha_extrap","beta_extrap","gamma_extrap","se_alpha_extrap","se_beta_extrap","se_gamma_extrap","alpha_extrap_no","beta_extrap_no","gamma_extrap_no","se_alpha_extrap_no","se_beta_extrap_no","se_gamma_extrap_no","time_extrap","time_extrap_no"
"11434-1","extra_heavy",2000,0.7695,1.00525680504021,0.515178032160322,0.268386503598992,0.86996290562744,1.42631964762739,0.251681406981442,0.077019196376599,0.296008008215543,0.0641552127331253,0.853882323275433,1.90529642757842,0.254886850668414,0.076708515768875,0.39031850541962,0.0621726414741537,46.516,1.88
"11434-2","extra_heavy",2000,0.7775,0.974044697712383,0.478639461065932,0.263767184300103,0.994910706578949,0.52550699810447,0.23940589069109,0.0686715630482594,0.240646929807151,0.0682251633287572,0.974110460565313,0.870163158615147,0.279277420584406,0.0841427482397954,0.441379387779331,0.0671814009133432,32.264,1.51400000000001
"11434-3","extra_heavy",2000,0.7805,0.973473888567777,0.547157170058924,0.232893882433049,1.0610573624493,0.248870240952969,0.237509288295163,0.0801463457942013,0.207042562294706,0.0652893019055067,1.05550428527853,0.418991740299925,0.238745753151546,0.0815176665545412,0.349634510383215,0.0641325282696723,31.758,1.80899999999997
"11434-4","extra_heavy",2000,0.7945,1.00615102539676,0.46495951964565,0.233457611197773,1.06117298250433,0.244572375379022,0.216269363875108,0.0749648602354414,0.167268948079093,0.0627460188069827,1.05085162704511,0.585012555046821,0.228572571602227,0.0826598212984887,0.419075837139808,0.0636490139838941,23.855,1.79100000000005
"11434-5","extra_heavy",2000,0.766,0.924869335331758,0.516902176945424,0.339397269897212,0.909441315556607,0.846073491733256,0.330465165764418,0.0764871241873275,0.300003303307363,0.065956932354684,0.893410869000491,1.16550763623945,0.33785726770006,0.0808158044830563,0.418702697104579,0.0651626403423912,44.123,1.67800000000011
