"sim","censoring","n","perc_censored","alpha_fc","beta_fc","gamma_fc","alpha_extrap","beta_extrap","gamma_extrap","se_alpha_extrap","se_beta_extrap","se_gamma_extrap","alpha_extrap_no","beta_extrap_no","gamma_extrap_no","se_alpha_extrap_no","se_beta_extrap_no","se_gamma_extrap_no","time_extrap","time_extrap_no"
"11441-1","extra_heavy",100,0.83,0.895725773565748,0.517076626933307,0.292427280743827,0.74711642289785,1.52975933452168,0.361218077279144,0.637004083017485,2.93186433942201,0.364840356228801,0.757059333032235,2.47705118453249,0.268807921037529,0.629920341244416,4.86210393125053,0.336973787789159,1.46499999999992,0.817999999999984
"11441-2","extra_heavy",100,0.74,0.71961063521226,0.302227670142456,0.541491004819251,0.751853880410791,0.0854695816243278,0.52936500750223,0.233539955480015,0.267701213111917,0.260592135366815,0.817744042993247,-0.0740796135796008,0.551858106321801,0.287222063244444,2.19417183129287,0.238910358594978,1.28999999999996,0.653999999999996
"11441-3","extra_heavy",100,0.79,1.11729989927228,0.123311213154549,0.254288176542046,1.06874150296425,0.377682589594365,0.212207208820949,0.25570196895759,0.936255492817918,0.294073404661884,1.00101002495502,0.90826534726314,0.270562362502072,0.343772364445869,1.86999430180103,0.253765186664823,1.50700000000006,0.744000000000142
"11441-4","extra_heavy",100,0.74,0.910649825194306,0.289240298397974,0.407321935629753,1.00436287774573,-0.210039487977233,0.498786883888425,0.27848579168157,1.18319888704968,0.360037261219493,1.02099296544047,-0.437649190406168,0.446630626041851,0.3709129722046,2.85871553956597,0.299472284336613,1.56999999999994,0.844000000000051
"11441-5","extra_heavy",100,0.74,1.11661710796519,0.493346522946032,0.210787552883913,1.20890036433526,0.031984453961753,0.23662402306516,0.202807778354865,0.258053232057469,0.420012514610781,1.14721067000763,0.539764210447824,0.261837023503362,0.338072014188889,2.15164498044631,0.274356020759243,1.39100000000008,0.843000000000075
