"sim","censoring","n","perc_censored","alpha_fc","beta_fc","gamma_fc","alpha_extrap","beta_extrap","gamma_extrap","se_alpha_extrap","se_beta_extrap","se_gamma_extrap","alpha_extrap_no","beta_extrap_no","gamma_extrap_no","se_alpha_extrap_no","se_beta_extrap_no","se_gamma_extrap_no","time_extrap","time_extrap_no"
"11438-1","extra_heavy",100,0.79,0.986050390544881,0.6127532658366,0.25511456161519,1.48527483135436,-0.912375734114719,0.0340034131873877,0.475964262762165,1.55331248481071,0.350873690937014,1.28620354301729,-0.365711254221646,0.145938347877664,0.37973806676319,2.45373297356501,0.272830262954067,1.49400000000003,0.701000000000022
"11438-2","extra_heavy",100,0.73,1.3006480473672,0.064034950706187,0.265237598226268,1.42166885520265,-0.763144146536909,0.346648371020614,0.338053258690421,1.49868988316915,0.359588224867241,1.30542843933501,0.138475136412836,0.262142775475446,0.416313415174139,2.738000147982,0.32827170047796,1.94399999999996,0.693000000000097
"11438-3","extra_heavy",100,0.76,0.954665499018642,0.236009784576066,0.374601947741699,0.821990364884365,0.803869938098114,0.39540242457058,0.373205966100153,1.17590676267392,0.297740974148456,0.810403864166115,1.15596536373486,0.396994996594922,0.35151280522568,1.69507111809836,0.284892128059487,1.375,0.729000000000042
"11438-4","extra_heavy",100,0.73,0.998346382643187,0.32530348368449,0.218647774364436,1.1986933278719,-0.485686398120525,0.268825380204076,0.315000159515858,0.853528380595749,0.303091067914171,1.21364250130958,-1.24360564460888,0.240921739426391,0.39651832180671,3.04352838768834,0.297853181282563,1.40500000000009,0.711999999999989
"11438-5","extra_heavy",100,0.67,1.06564052037317,0.469245114268075,0.128886840318159,1.23538651083091,-0.377528137944662,0.26518347434713,0.234475374107515,0.916327619102005,0.355258737670373,1.25339758862368,-0.764889058664822,0.200302932263136,0.335602357526765,2.73164292997198,0.298672049011341,1.23299999999995,0.644999999999982
