"sim","censoring","n","perc_censored","alpha_fc","beta_fc","gamma_fc","alpha_extrap","beta_extrap","gamma_extrap","se_alpha_extrap","se_beta_extrap","se_gamma_extrap","alpha_extrap_no","beta_extrap_no","gamma_extrap_no","se_alpha_extrap_no","se_beta_extrap_no","se_gamma_extrap_no","time_extrap","time_extrap_no"
"11438-1","extra_heavy",500,0.728,1.12521624091793,0.466548243586126,0.107264495720319,1.22176971154205,0.163100899886939,0.10590608682054,0.134460981177852,0.473936437685189,0.138885753931546,1.20513099808339,0.28559997648933,0.115937224833849,0.152809734270496,0.68437073981207,0.135313123110054,5.42700000000002,1.01700000000005
"11438-2","extra_heavy",500,0.766,0.975167611537723,0.711302105116608,0.234565486459273,0.806323529052785,1.95444138334496,0.332949511666379,0.168408725235603,0.775984798465102,0.126482975346208,0.82704986954214,2.61426195959813,0.239284770351316,0.157081240873856,0.987498057026469,0.123073010307602,7.95500000000004,1
"11438-3","extra_heavy",500,0.75,0.941129771325455,0.591125047063045,0.29850849271174,1.01280880282271,0.471914935649501,0.274965046274117,0.135727065445899,0.500756193584473,0.128163154805737,0.993065449359224,0.907755585230507,0.306210072940877,0.166360578292435,1.04276365020254,0.128005828510211,6.63400000000001,0.908999999999992
"11438-4","extra_heavy",500,0.776,0.956621988043635,0.268181170859674,0.323118613730042,1.02230496544596,0.0239275438599849,0.336130439806508,0.169214999356478,0.345072946894343,0.139644189699608,0.994286961787799,0.296085829197261,0.329038408504073,0.159259128158237,0.985013286727136,0.127637747688039,4.77800000000002,0.805000000000064
"11438-5","extra_heavy",500,0.77,0.936069306547888,0.486580897152974,0.393099159217928,0.984367082506192,0.607392344670509,0.399627731117569,0.155256912057019,0.815342685154436,0.128672505099782,0.984798795731574,0.657366102481029,0.405486873753019,0.167359150375609,0.922525479878101,0.12893300875697,8.76199999999994,1.07599999999991
