"sim","censoring","n","perc_censored","alpha_fc","beta_fc","gamma_fc","alpha_extrap","beta_extrap","gamma_extrap","se_alpha_extrap","se_beta_extrap","se_gamma_extrap","alpha_extrap_no","beta_extrap_no","gamma_extrap_no","se_alpha_extrap_no","se_beta_extrap_no","se_gamma_extrap_no","time_extrap","time_extrap_no"
"11429-1","extra_heavy",2000,0.753,1.0655648269204,0.506649892453555,0.126931143553303,1.10053555864851,0.513403869335219,0.141088199171187,0.0745937245391956,0.277400498876002,0.0642586323818983,1.08983016757423,0.733418939405375,0.140733668187123,0.0742006465778019,0.376686139313495,0.0638615838197062,30.715,1.31399999999996
"11429-2","extra_heavy",2000,0.7795,1.01371097015925,0.47319610914707,0.23050256060586,1.00733533117925,0.54080828983909,0.220475782288442,0.0750295549923936,0.215719344298785,0.0660786516020679,0.967324102488362,1.07844635843983,0.243996088917361,0.0809051463520048,0.387694131887433,0.0638470924861996,25.9590000000001,1.31499999999994
"11429-3","extra_heavy",2000,0.768,0.984960046236055,0.608271894809975,0.210576797622778,0.92210164278288,1.04026354634803,0.213763512444939,0.0756751404672045,0.264004635514277,0.0631981255536443,0.901152692744757,1.47069087895496,0.226278935050336,0.0779688693468615,0.370904754895607,0.0634121021011668,33.756,1.30899999999997
"11429-4","extra_heavy",2000,0.774,1.00887326652986,0.488690550368795,0.221058323846883,0.949930320962435,0.556930748869946,0.208893171431487,0.0706179900518524,0.157510168604979,0.0632712229620158,0.906991304819944,1.48402417451927,0.226055629872709,0.0780454470623027,0.402383619706518,0.0640112694734507,17.0590000000001,1.47000000000003
"11429-5","extra_heavy",2000,0.783,0.974530303075525,0.48794350547043,0.266835037648936,0.972734558220666,0.571397082431288,0.257418780403384,0.0741915208835623,0.232393289974937,0.0626944550861295,0.961963916697975,0.812455693690423,0.269031174385761,0.0779635888234856,0.330499562760357,0.0648919636799624,27.3539999999999,1.30999999999995
