"sim","censoring","n","perc_censored","alpha_fc","beta_fc","gamma_fc","alpha_extrap","beta_extrap","gamma_extrap","se_alpha_extrap","se_beta_extrap","se_gamma_extrap","alpha_extrap_no","beta_extrap_no","gamma_extrap_no","se_alpha_extrap_no","se_beta_extrap_no","se_gamma_extrap_no","time_extrap","time_extrap_no"
"11429-1","extra_heavy",500,0.784,0.942783158169279,0.608815633650269,0.230345923911584,1.00756940163928,0.658275396402164,0.230503936836321,0.17100773716328,0.670919016904373,0.137586042182204,1.0233226696576,0.758491004778848,0.210504865504167,0.166551784213986,0.816918075274916,0.134515158768877,6.18099999999993,0.636000000000081
"11429-2","extra_heavy",500,0.77,1.12684936458205,0.455430251385942,0.173950835084628,1.05704598313516,0.807431144497009,0.140566887740799,0.15512147314932,0.440331103036187,0.135770131475067,1.03759274682923,1.46720050113579,0.155633537053522,0.167537527085488,0.837018766021477,0.13236942892952,5.24400000000003,0.637000000000057
"11429-3","extra_heavy",500,0.778,1.01749629556035,0.658149876088478,0.183040783931219,1.09813229782236,0.593565046384153,0.193365963123122,0.168357911915605,0.641813729844944,0.137607846888805,1.08424187460607,1.05820356524484,0.173034972562991,0.174228829702352,1.04768235979351,0.135980924856901,6.30899999999997,0.644999999999982
"11429-4","extra_heavy",500,0.776,1.04668208868017,0.487460830316413,0.14845747690982,1.21981738413425,-0.0526661502526772,0.128878781661082,0.184403829238849,0.570431829792709,0.143268099937709,1.23219278565183,-0.155327516517491,0.136152497734263,0.164403136833162,0.802929988053384,0.132331005860208,5.18099999999993,0.640999999999963
"11429-5","extra_heavy",500,0.782,0.891331149346551,0.60137738437933,0.357168075656634,0.771453060640508,1.30069903820462,0.350695737778835,0.145671936973049,0.528680903144324,0.131827892326057,0.730112327422444,2.25059802450314,0.382006519901202,0.165972246469353,0.947641569097094,0.128331934022409,5.21699999999998,0.640999999999963
