"sim","censoring","n","perc_censored","alpha_fc","beta_fc","gamma_fc","alpha_extrap","beta_extrap","gamma_extrap","se_alpha_extrap","se_beta_extrap","se_gamma_extrap","alpha_extrap_no","beta_extrap_no","gamma_extrap_no","se_alpha_extrap_no","se_beta_extrap_no","se_gamma_extrap_no","time_extrap","time_extrap_no"
"11433-1","extra_heavy",2000,0.78,1.02664840058554,0.592064892418581,0.189905843342455,0.961373622286526,1.35960701155359,0.165346670780145,0.0782176797168003,0.371678806972325,0.0660486695337204,0.935897406896662,1.74314501755297,0.197610421682814,0.081930690475449,0.467762487804551,0.0644685509207485,47.1940000000001,1.65499999999997
"11433-2","extra_heavy",2000,0.7855,1.01801546739422,0.559370041487769,0.220654078005416,1.04197206137072,0.665878917850487,0.213814942855362,0.0836222022551276,0.293496168638405,0.0654307834504108,1.05171089453588,0.803628287336905,0.20080551493367,0.0821952429998409,0.377887605678665,0.0642156806331512,36.704,1.74599999999998
"11433-3","extra_heavy",2000,0.7735,1.00479579043901,0.558740725328199,0.240178737106669,1.04558390464288,0.68984195425298,0.214029017208744,0.0771557792723122,0.326154628481163,0.0648702529872462,1.03116029515501,0.892139072599047,0.226048398800913,0.0800876327068745,0.410861563799393,0.0663455210333843,50.749,1.37799999999993
"11433-4","extra_heavy",2000,0.7825,0.922455736967758,0.525734637618569,0.307265603263841,0.984617577491892,0.438918475843224,0.319240596383813,0.0802748116152571,0.314510149914929,0.0638754674051119,0.97613381631439,0.583210630419312,0.320175780288447,0.0861282930201563,0.405329651238508,0.0671854882442736,37.742,2.16399999999999
"11433-5","extra_heavy",2000,0.787,0.972979931610053,0.47256703278151,0.318712587186253,1.01875161526458,0.507716220745946,0.310216502824336,0.0777583962932668,0.344269528105289,0.0659512908005353,1.01354362821793,0.557528830794709,0.320905479767403,0.0824388514362354,0.374856796679902,0.064105088261659,45.3579999999999,1.93499999999995
