"sim","censoring","n","perc_censored","alpha_fc","beta_fc","gamma_fc","alpha_extrap","beta_extrap","gamma_extrap","se_alpha_extrap","se_beta_extrap","se_gamma_extrap","alpha_extrap_no","beta_extrap_no","gamma_extrap_no","se_alpha_extrap_no","se_beta_extrap_no","se_gamma_extrap_no","time_extrap","time_extrap_no"
"11441-1","extra_heavy",2000,0.7885,1.00188149409845,0.595769312432708,0.258877798735424,0.957659679987233,0.669071923093095,0.289504687652622,0.0811607030803834,0.199678669392401,0.0672286166766443,0.952166823408357,1.22282430462958,0.255321883593016,0.0847558012053049,0.372433650273339,0.064982222083384,31.1119999999999,2.90899999999988
"11441-2","extra_heavy",2000,0.773,1.05561865296702,0.387857718468186,0.173638285724944,1.05374743935074,0.574031543921372,0.160212423579371,0.0747295586275618,0.287580961515678,0.0637819011096923,1.03680155882557,0.726502794632994,0.176233148720436,0.0775262030158318,0.354333954107402,0.0631570884450327,67.1199999999999,2.39400000000001
"11441-3","extra_heavy",2000,0.775,1.00225679667293,0.448573011720033,0.267348655779764,0.957232361817985,0.630774187785571,0.283459041826816,0.0770133392435919,0.216050347017816,0.065055942875482,0.949204902181951,1.20700645394764,0.263826409967156,0.0816173396984969,0.434452961020005,0.0630111762174022,27.0170000000001,2.56600000000003
"11441-4","extra_heavy",2000,0.7745,1.03520538480867,0.434559259337312,0.223635274858057,1.09428944278398,0.40411658695829,0.211238055393389,0.0803143093106607,0.319653567270288,0.0623293856418043,1.08303873177349,0.589561569924681,0.216532143297392,0.08155493481365,0.439700834167329,0.0662349165683801,53.029,2.47400000000016
"11441-5","extra_heavy",2000,0.7755,0.991944521503405,0.492076005912555,0.234363255293971,0.983622149871582,0.626115166687043,0.248593068934184,0.0814918641790068,0.253978045459798,0.0652608492738213,0.966415077804489,1.09938298321665,0.237521609084588,0.0845756151727827,0.427280941157874,0.067578843781489,37.877,2.10500000000002
