"sim","censoring","n","perc_censored","alpha_fc","beta_fc","gamma_fc","alpha_extrap","beta_extrap","gamma_extrap","se_alpha_extrap","se_beta_extrap","se_gamma_extrap","alpha_extrap_no","beta_extrap_no","gamma_extrap_no","se_alpha_extrap_no","se_beta_extrap_no","se_gamma_extrap_no","time_extrap","time_extrap_no"
"11436-1","extra_heavy",100,0.85,1.26590170677783,0.315613959425129,0.194059784419676,1.41111977391177,-0.0542265382479182,0.665742775662752,0.241875305589476,0.0654141431631027,0.612876720320289,1.35665483137149,-0.0124327798175393,0.210975441815306,0.469224494254269,3.59459448399675,0.31010556809723,1.13800000000003,0.732999999999947
"11436-2","extra_heavy",100,0.75,1.02343889467047,0.310790895015937,0.178142234551027,0.921378867422777,0.105563310827835,0.319998364903286,0.401874797531892,0.1773706510549,0.386858020194515,0.948644207675069,1.486385976861,0.165109911963509,0.311318720460111,2.18990249268786,0.257804960806214,1.17700000000002,0.782000000000039
"11436-3","extra_heavy",100,0.8,1.40221860466542,-0.0824125349766735,0.0538226541337131,1.11747629037101,0.0465320456580569,-0.04682793949009,0.323362131837093,0.0478868028380966,0.334279902857109,0.864547535976721,4.59655048407138,0.0496649407911518,0.413168491294607,3.35378807304821,0.297699283833414,1.0920000000001,0.70900000000006
"11436-4","extra_heavy",100,0.73,0.637638610507577,0.445332842872801,0.687000926556336,0.781407555520585,-0.0143529741910586,0.70454675651804,0.266625046794837,0.305360856987655,0.300918168823884,0.818168521375785,-0.302105843313399,0.703974361463082,0.332096809849811,2.06450670848126,0.285808169761288,1.28600000000006,0.750999999999976
"11436-5","extra_heavy",100,0.77,1.12890527830843,0.438502991704376,0.110935684730659,1.06233705415816,0.0316773053547136,0.223569443655381,0.429796444958314,0.050884291642006,0.39965316838018,0.971288307264156,1.69810387482411,0.0835814235277719,0.343525594746909,1.50890751600719,0.300997651075517,1.00699999999995,0.743000000000052
