"sim","censoring","n","perc_censored","alpha_fc","beta_fc","gamma_fc","alpha_extrap","beta_extrap","gamma_extrap","se_alpha_extrap","se_beta_extrap","se_gamma_extrap","alpha_extrap_no","beta_extrap_no","gamma_extrap_no","se_alpha_extrap_no","se_beta_extrap_no","se_gamma_extrap_no","time_extrap","time_extrap_no"
"11435-1","heavy",500,0.42,1.10594903543025,0.494739914185712,0.247108175109572,1.03980071433766,0.611218865742673,0.289333159794837,0.128203905200326,0.222231358836279,0.139344965721141,1.04755170400144,0.695151323432849,0.25428529561448,0.124738661061411,0.244465122128463,0.133772049419932,17.093,0.992000000000019
"11435-2","heavy",500,0.4,0.966667621752794,0.56243491052508,0.232961107332129,0.910334424284786,0.888572731211802,0.229343848370159,0.120531524749512,0.31579236541629,0.129771108587804,0.903238625059319,0.913906910851009,0.245437232377388,0.120843844849597,0.319564818323,0.127804433773212,11.855,1.03999999999996
"11435-3","heavy",500,0.418,1.00938160670792,0.422212812334661,0.366910935524642,1.06044521866243,0.292730972110294,0.353173747393236,0.108386810940531,0.206621491791251,0.122750799570534,1.04737382470895,0.32831423161967,0.372013013246246,0.112905176929709,0.236283160417594,0.123636582589939,15.143,0.827999999999975
"11435-4","heavy",500,0.434,1.01921067954668,0.521901092738765,0.207048309002496,1.02699080879574,0.448733432646439,0.202684754011134,0.114542978546095,0.197454945661459,0.133648340522027,1.01005095356778,0.55115469649836,0.209088299189476,0.117939748254361,0.239886700519804,0.130456239184992,11.982,1.11699999999996
"11435-5","heavy",500,0.416,0.931610235108264,0.517218701857193,0.207687234439965,0.881319720106298,0.681848275708805,0.219175859922743,0.110484912392148,0.247462566010728,0.126544425372895,0.875283552511305,0.73400460653009,0.22853486013819,0.117507459239934,0.281529067810637,0.132195175769679,14.289,0.883999999999958
