"sim","censoring","n","perc_censored","alpha_fc","beta_fc","gamma_fc","alpha_extrap","beta_extrap","gamma_extrap","se_alpha_extrap","se_beta_extrap","se_gamma_extrap","alpha_extrap_no","beta_extrap_no","gamma_extrap_no","se_alpha_extrap_no","se_beta_extrap_no","se_gamma_extrap_no","time_extrap","time_extrap_no"
"11439-1","heavy",100,0.34,1.06664786261268,0.477085460338027,0.0872411941016617,1.06781337181522,0.369082223877988,0.0823423130970825,0.276750777060984,0.472762107324528,0.326890494237243,1.08463212418465,0.39200222206372,0.0687878052349379,0.286288484353028,0.572385838679676,0.320453027333016,1.50700000000001,0.569999999999993
"11439-2","heavy",100,0.35,1.1217054155861,0.180519796615898,0.126847304799935,1.15623048882643,0.046384091096347,0.123674028409093,0.243435726650467,0.57758838067951,0.320743601237857,1.15392055908701,0.0652143082013041,0.121227917157744,0.25904130858163,0.641650145254086,0.307934593855136,1.255,0.553999999999974
"11439-3","heavy",100,0.41,1.12633314265087,0.549054765771971,-0.0139244580837823,1.1929710974481,0.258618674738786,-0.0517139062699159,0.242297378348562,0.41762067180653,0.272484505452144,1.1863161268146,0.354961450034015,-0.0538242895154803,0.243952195581252,0.517779843811114,0.278438347466619,1.36099999999999,0.745000000000005
"11439-4","heavy",100,0.38,1.15827933465567,0.413679790238238,0.06091074243166,1.19377762588795,0.408125361746088,0.0308080335552685,0.275271699435572,0.757981471466001,0.26624544039227,1.20708383332749,0.381303671829829,0.0380757827342249,0.261921050136992,0.773426926081375,0.255397447736279,1.72499999999997,0.75
"11439-5","heavy",100,0.39,1.09170237425162,0.615865375399278,0.18016051325778,0.991628023645249,0.875361724222537,0.202972773193692,0.26288544012866,0.642234900730943,0.285277222587922,1.03574792456441,0.866784914582737,0.158483270467683,0.252948398499075,0.68693913344621,0.283009351462248,1.75900000000001,0.767999999999972
