"sim","censoring","n","perc_censored","alpha_fc","beta_fc","gamma_fc","alpha_extrap","beta_extrap","gamma_extrap","se_alpha_extrap","se_beta_extrap","se_gamma_extrap","alpha_extrap_no","beta_extrap_no","gamma_extrap_no","se_alpha_extrap_no","se_beta_extrap_no","se_gamma_extrap_no","time_extrap","time_extrap_no"
"11427-1","heavy",500,0.402,1.00529750069157,0.24196642537501,0.417323674560392,1.00103283224003,0.284496590459002,0.410980755208223,0.110084151465514,0.228289921257376,0.126483721072826,0.992672299483387,0.346859900573299,0.409659112771377,0.116606659427884,0.261987981895621,0.123786237477015,8.40099999999998,0.634999999999991
"11427-2","heavy",500,0.426,0.950916103540247,0.363884156218346,0.33596367775303,0.922580386591362,0.427771689998082,0.35181458996418,0.124063624814365,0.266778450940108,0.127247161316013,0.920218834338806,0.486003334161548,0.350881073792102,0.126929899795013,0.284767259938095,0.130558215991403,8.86799999999999,0.635000000000019
"11427-3","heavy",500,0.43,0.918433890879004,0.406544969889275,0.415862142817753,0.950221077457987,0.35461811911109,0.406789956271596,0.114415693814476,0.293400569360079,0.122235165152119,0.945374475806664,0.367144076073431,0.410635167570174,0.119117607134615,0.307042132896794,0.122930874169777,8.952,0.638999999999982
"11427-4","heavy",500,0.39,1.01465396299543,0.53613689410595,0.208148521982606,0.993161323130504,0.568023740578118,0.214235330829639,0.106738649308588,0.20220830363943,0.123100649822226,0.993250009374024,0.615268045273116,0.198701376506707,0.101931998516246,0.21186022819479,0.121219420168729,10.033,0.636000000000024
"11427-5","heavy",500,0.392,1.02189382369396,0.332296833862051,0.238015543641273,1.08897019440685,0.133330559584142,0.229889205980022,0.12068167712433,0.280189473575067,0.124958376940626,1.08614392543663,0.178433863644764,0.219316872528646,0.115104124176162,0.294304942265234,0.127274376050825,7.827,0.63300000000001
