"sim","censoring","n","perc_censored","alpha_fc","beta_fc","gamma_fc","alpha_extrap","beta_extrap","gamma_extrap","se_alpha_extrap","se_beta_extrap","se_gamma_extrap","alpha_extrap_no","beta_extrap_no","gamma_extrap_no","se_alpha_extrap_no","se_beta_extrap_no","se_gamma_extrap_no","time_extrap","time_extrap_no"
"11430-1","heavy",500,0.416,1.00196295924689,0.454756027386187,0.278549886161235,1.04123203795217,0.352577636446677,0.277787070393161,0.118629456248189,0.227834991036822,0.130242070273951,1.04923717529428,0.346113817526779,0.280229513239516,0.121421651790783,0.250412532274382,0.128995692693578,11.429,0.707000000000022
"11430-2","heavy",500,0.41,1.04822325669778,0.46879995367755,0.153586038538039,1.04614605968844,0.476874030288588,0.151564721352758,0.12199948585243,0.236191899579187,0.131530613273121,1.04315036879703,0.570392666149814,0.133087846050555,0.120392120314097,0.270669495060972,0.132179969752312,10.472,0.783999999999992
"11430-3","heavy",500,0.454,1.00717441921513,0.642115409015949,0.122301064968131,0.965832074740641,0.716874526883411,0.147919378774628,0.120869070235882,0.254717880681263,0.131533332459833,0.968550019139716,0.743626085559882,0.1556448012734,0.124586953803955,0.277055299452226,0.129182741095756,11.7,0.676999999999992
"11430-4","heavy",500,0.428,1.03542672092215,0.512667931282592,0.217803154427437,1.00702805726085,0.548964983742006,0.236627506897739,0.114689502837739,0.220601623866391,0.117972756931954,1.00877287308142,0.607490416828069,0.222814810474275,0.108265657881331,0.232948194813358,0.119390716789284,11.502,0.87299999999999
"11430-5","heavy",500,0.422,1.04129961409067,0.413602873961248,0.251796233539989,1.0396442085298,0.43961452133378,0.239946426181518,0.116435828047088,0.242781138569308,0.135773150996031,1.04526819904212,0.476965721074163,0.224835641164428,0.113667553047854,0.261146935493237,0.131954079203332,10.681,0.898000000000025
