"sim","censoring","n","perc_censored","alpha_fc","beta_fc","gamma_fc","alpha_extrap","beta_extrap","gamma_extrap","se_alpha_extrap","se_beta_extrap","se_gamma_extrap","alpha_extrap_no","beta_extrap_no","gamma_extrap_no","se_alpha_extrap_no","se_beta_extrap_no","se_gamma_extrap_no","time_extrap","time_extrap_no"
"11427-1","heavy",100,0.47,1.12226060756712,0.508542592600408,0.141099790956602,1.09694835184695,0.581518586076935,0.114938121447946,0.266246783961529,0.507530292426065,0.299865330396833,1.09857567354668,0.634675186110146,0.148048859741569,0.281837952415816,0.576935499942976,0.29376650252085,1.26399999999998,0.507999999999981
"11427-2","heavy",100,0.45,1.01347748638341,0.575144278756221,0.128757429584109,0.871549266259994,0.907256017600079,0.19212775214678,0.225204071867378,0.467658558456756,0.25941971833409,0.877823825988758,1.05754340149212,0.169945282505075,0.227219862705531,0.58173582877173,0.265935327824955,1.29700000000003,0.510000000000019
"11427-3","heavy",100,0.42,1.13038428412219,0.115663108146141,0.166577305402897,1.14622913804987,0.057693642706047,0.165864703154313,0.231452636438353,0.571151128460261,0.261010877611332,1.13572931712369,0.0750124530525486,0.181331821962126,0.238640912088169,0.654781124330446,0.267941210129084,1.43600000000001,0.498999999999995
"11427-4","heavy",100,0.34,0.909701838594933,0.844345234456736,0.403757582258758,0.869082898820638,0.956646343216575,0.39638316563229,0.239983520839317,0.469788825892311,0.274840613136692,0.921356153241838,1.03983520468093,0.329674234556537,0.232943368289299,0.517977350923554,0.279979278070431,1.173,0.498999999999995
"11427-5","heavy",100,0.4,1.20245946721292,0.192394687550045,0.236933814639325,1.15889498046392,0.430800885055067,0.227659679344656,0.230721338553696,0.767421792537586,0.271304423601404,1.1754162921401,0.375804316803966,0.231045883770301,0.237579892022391,0.914915196548103,0.262491637577717,1.09700000000001,0.644000000000005
