"sim","censoring","n","perc_censored","alpha_fc","beta_fc","gamma_fc","alpha_extrap","beta_extrap","gamma_extrap","se_alpha_extrap","se_beta_extrap","se_gamma_extrap","alpha_extrap_no","beta_extrap_no","gamma_extrap_no","se_alpha_extrap_no","se_beta_extrap_no","se_gamma_extrap_no","time_extrap","time_extrap_no"
"11426-1","heavy",500,0.384,1.10881108606728,0.524163269995723,0.132290456905676,1.14317256283117,0.498804234681284,0.11779411038036,0.11555699904349,0.286661207915349,0.135691820421116,1.13416584426887,0.558166281563396,0.125400275695733,0.118254800736337,0.308509859763584,0.131602271259434,7.18899999999999,0.632999999999981
"11426-2","heavy",500,0.436,1.0873798807745,0.445401026198205,0.139255002576086,1.10903109361949,0.35378734390681,0.145726422823561,0.117131856193494,0.213315144924862,0.133228093509934,1.10891464682396,0.386252482183283,0.136218697585539,0.116624225745102,0.233310519240718,0.131776083723335,10.719,0.632000000000005
"11426-3","heavy",500,0.416,0.949359050998042,0.60800906765207,0.343233344570246,0.87657384445782,0.873549771130433,0.359852153553705,0.125078791922424,0.263651759274353,0.129361884918318,0.886049562059803,0.889961469765465,0.330869970645372,0.12324471606017,0.26296070588844,0.129419581588697,9.578,0.637
"11426-4","heavy",500,0.38,1.04825706374897,0.500790793354369,0.340402994560276,1.07514062257089,0.435571919768898,0.329159504427561,0.107606644550939,0.229745726300313,0.126055538982162,1.0676543352685,0.492171105447955,0.333543712889143,0.109290187043985,0.269447548838826,0.121732219067199,7.589,0.638999999999982
"11426-5","heavy",500,0.432,1.08055616616526,0.456340266141199,0.145281868489824,1.10300524442345,0.392979255726677,0.152375089290135,0.112295840165443,0.231055873951861,0.12606070426749,1.10575020813043,0.433051620969588,0.146676090495212,0.119483515852408,0.28631411865494,0.126229870650333,9.24499999999998,0.640999999999991
