"sim","censoring","n","perc_censored","alpha_fc","beta_fc","gamma_fc","alpha_extrap","beta_extrap","gamma_extrap","se_alpha_extrap","se_beta_extrap","se_gamma_extrap","alpha_extrap_no","beta_extrap_no","gamma_extrap_no","se_alpha_extrap_no","se_beta_extrap_no","se_gamma_extrap_no","time_extrap","time_extrap_no"
"11440-1","heavy",100,0.41,1.18297156102329,-0.000256968888926695,0.222464178021635,1.18066958186435,0.000254711934066218,0.21717572800316,0.229424739661562,0.468227651516193,0.267368510096037,1.17939785232206,0.000209169375520016,0.223005872246878,0.241160978671503,0.561735307525191,0.269754878826818,2.28100000000001,0.821000000000026
"11440-2","heavy",100,0.43,1.23466984480744,0.108309327763894,0.288174883215965,1.3767036890147,-0.392715259739896,0.287225882403515,0.277187237372233,0.546396701231435,0.292011596080629,1.39187504170416,-0.43799421804357,0.271937803194984,0.290558195832706,0.718478034237203,0.294749513316641,1.55700000000002,0.828000000000031
"11440-3","heavy",100,0.38,0.79329244647308,0.374050109994889,0.448356169279485,0.712983654837209,0.728118304301528,0.447993156988323,0.28208075631413,0.630959567075831,0.297806798103557,0.701272911017155,0.785023074123072,0.457605774375993,0.288135222032303,0.742800983445934,0.296460972567613,1.63299999999998,0.834000000000003
"11440-4","heavy",100,0.41,0.75937222719777,0.775916040177812,0.17351255432953,0.738791748502963,0.744667482176755,0.283314026911863,0.21090209342374,0.356646168889983,0.271242427574179,0.740774017524984,0.925594421998423,0.230455651612902,0.208552190334484,0.413175214159153,0.257104776029711,1.90899999999999,0.891999999999996
"11440-5","heavy",100,0.44,1.01961912911699,0.451414346064116,0.0319575772602126,1.11569153539906,0.146117481812082,0.0250952917598363,0.292886092246454,0.652020543863868,0.306623119052799,1.14249684599533,0.0617894664036501,0.017269249234343,0.290304087916145,0.700572002826162,0.299894697815794,2.47300000000001,0.841000000000008
