"sim","censoring","n","perc_censored","alpha_fc","beta_fc","gamma_fc","alpha_extrap","beta_extrap","gamma_extrap","se_alpha_extrap","se_beta_extrap","se_gamma_extrap","alpha_extrap_no","beta_extrap_no","gamma_extrap_no","se_alpha_extrap_no","se_beta_extrap_no","se_gamma_extrap_no","time_extrap","time_extrap_no"
"11434-1","heavy",100,0.49,1.09136442167301,0.391221979250906,0.1239700570441,1.18413310295335,0.300219277879591,0.0659858194521634,0.248743905425496,0.549577550937073,0.270846135320142,1.16551508664054,0.329068909939481,0.0846819211208848,0.264990106998185,0.578921799179648,0.275421312440851,1.88399999999999,0.552000000000021
"11434-2","heavy",100,0.38,0.87985188983766,0.777106995673703,0.409412439930453,0.88333548056802,0.97945250185373,0.447086674511651,0.277950507286828,0.852785840231114,0.296891087208729,0.861400601844603,1.04299778328779,0.458215124923113,0.281097044415,0.924269578156314,0.307769471903961,1.19499999999999,0.548000000000002
"11434-3","heavy",100,0.44,1.06313162566168,0.842887897578775,-0.0944194444508042,1.04375123871845,0.812896168563725,0.0393468573066968,0.270085252353125,0.637200227425909,0.296388070866256,1.02920705954609,0.904445243412268,0.0489428584943873,0.273430952084601,0.661989351397535,0.305616228455767,1.58200000000002,0.651999999999987
"11434-4","heavy",100,0.33,0.92087797374225,0.129756779858965,0.17986757512958,0.934640121048682,0.0977331176718339,0.172239115120715,0.250819090229546,0.572590494433729,0.30000508632405,0.93098157771841,0.152670857437594,0.153479355758907,0.245798323218258,0.653478049067217,0.297247103986164,1.40300000000002,0.554000000000002
"11434-5","heavy",100,0.38,1.06649016201,0.69226995249036,0.17842962680608,1.12903739048596,0.380935235197058,0.157994497296408,0.211931158368269,0.438933750091758,0.27536038401614,1.10139360617206,0.447116189185902,0.17548943072893,0.22411763487222,0.51425865252679,0.272410843973159,1.22900000000001,0.582999999999998
