"sim","censoring","n","perc_censored","alpha_fc","beta_fc","gamma_fc","alpha_extrap","beta_extrap","gamma_extrap","se_alpha_extrap","se_beta_extrap","se_gamma_extrap","alpha_extrap_no","beta_extrap_no","gamma_extrap_no","se_alpha_extrap_no","se_beta_extrap_no","se_gamma_extrap_no","time_extrap","time_extrap_no"
"11438-1","heavy",100,0.46,0.986050390544881,0.6127532658366,0.25511456161519,1.11581970030706,0.457742598239758,0.184661877942857,0.271077760852547,0.630463771499658,0.276482802758624,1.12185687464083,0.502387732128887,0.164245052088823,0.262270261601175,0.76052729999199,0.276397709319367,1.67599999999999,0.739999999999952
"11438-2","heavy",100,0.36,1.3006480473672,0.064034950706187,0.265237598226268,1.37619814403782,-0.273910165155129,0.279202970211086,0.293657031528648,0.744207542468448,0.327380374692818,1.41656165370736,-0.418176195803236,0.264059549031954,0.304672598311942,0.893458570211664,0.332518075391669,1.41800000000001,0.687000000000012
"11438-3","heavy",100,0.38,0.954665499018642,0.236009784576066,0.374601947741699,0.88077148573929,0.448997140011163,0.373782801225669,0.264707872828674,0.496847037995894,0.29095238707335,0.878702331847483,0.533755202738052,0.381666131714379,0.26252403518791,0.559149802080775,0.291595850102661,1.98500000000001,0.706999999999994
"11438-4","heavy",100,0.41,0.998346382643187,0.32530348368449,0.218647774364436,1.03218883226895,0.172481605302852,0.21932930006382,0.262859393575877,0.559464593189873,0.307376802057137,1.03442575425762,0.130191084238769,0.225411499141218,0.279021845233034,0.728218510878917,0.302992714846925,1.76099999999997,0.659999999999968
"11438-5","heavy",100,0.32,1.06564052037317,0.469245114268075,0.128886840318159,1.15887004481628,0.0755382791635636,0.195011252461946,0.222672616726356,0.593884852836447,0.290183080001742,1.15188929142054,0.0599044106512295,0.203683398584824,0.228675514609306,0.570621110417978,0.29899264619657,1.42199999999997,0.646999999999991
