"sim","censoring","n","perc_censored","alpha_fc","beta_fc","gamma_fc","alpha_extrap","beta_extrap","gamma_extrap","se_alpha_extrap","se_beta_extrap","se_gamma_extrap","alpha_extrap_no","beta_extrap_no","gamma_extrap_no","se_alpha_extrap_no","se_beta_extrap_no","se_gamma_extrap_no","time_extrap","time_extrap_no"
"11424-1","heavy",500,0.428,1.01734929424722,0.514063881651872,0.21596144509728,1.05864166755034,0.454144316595694,0.193989605858683,0.112250770648086,0.243043829029932,0.125634052338723,1.03976635614743,0.454209527297991,0.219881758687149,0.114268527587287,0.238369020197173,0.131037985538399,8.63500000000002,0.74199999999999
"11424-2","heavy",500,0.416,1.04778188673716,0.549697022828319,0.179289846055952,1.15100715179958,0.185637868874873,0.156339146914732,0.123816755257975,0.240175043251125,0.13427918863168,1.15226722210787,0.194868927598466,0.152908060663425,0.126196189953452,0.263769598449285,0.136922042681746,8.44199999999998,0.687999999999988
"11424-3","heavy",500,0.436,1.06480146317994,0.568958342720846,0.283718646135155,1.03373679824415,0.631990191287627,0.281495918333635,0.113666627646326,0.220462947000751,0.132869686952413,1.00768234830077,0.719753729914562,0.306441531615949,0.119608748885286,0.255538788303056,0.132277215848517,8.05799999999999,0.741000000000014
"11424-4","heavy",500,0.428,0.941817864172641,0.522271601150838,0.323330181805336,0.897102673492609,0.637820006524506,0.345788486828702,0.114291180936157,0.217547014418963,0.119094322377429,0.92280683031636,0.613465777738307,0.305433128002446,0.114908417326217,0.224332288097354,0.123827453840288,13.281,0.710000000000036
"11424-5","heavy",500,0.402,0.968793628626146,0.544645710041872,0.142930605399738,0.965753346133488,0.631076238751014,0.117086202381606,0.113690627483138,0.245703473887022,0.130110568605396,0.964285302961148,0.653624248735498,0.122774394771097,0.116145498463495,0.26218181794515,0.128440333360059,6.84899999999999,0.750999999999976
