"sim","censoring","n","perc_censored","alpha_fc","beta_fc","gamma_fc","alpha_extrap","beta_extrap","gamma_extrap","se_alpha_extrap","se_beta_extrap","se_gamma_extrap","alpha_extrap_no","beta_extrap_no","gamma_extrap_no","se_alpha_extrap_no","se_beta_extrap_no","se_gamma_extrap_no","time_extrap","time_extrap_no"
"11436-1","heavy",100,0.37,1.26590170677783,0.315613959425129,0.194059784419676,1.32351853801851,0.0657680721438958,0.220296915593904,0.305984218275381,0.928359278444849,0.315971191842647,1.37254052183656,-0.106260370400787,0.2079272588049,0.299720734139905,1.04304686204054,0.308167790294852,1.50500000000002,0.742000000000019
"11436-2","heavy",100,0.44,1.02343889467047,0.310790895015937,0.178142234551027,1.07162509070914,0.121953097716224,0.180931226443723,0.246780508378298,0.386881382190591,0.274069078897842,1.11189894874761,0.052989519421968,0.153038809397139,0.234458301540554,0.533578537534893,0.255925063206033,1.47699999999998,0.737000000000023
"11436-3","heavy",100,0.49,1.40221860466542,-0.0824125349766735,0.0538226541337131,1.47143610707124,-0.252822324840902,0.0401558655681599,0.27109499483652,0.529606316412213,0.30083791804459,1.43348436038686,-0.204562323178217,0.0697540550990739,0.282158884022858,0.729698866636082,0.304424635173095,1.68699999999995,0.73599999999999
"11436-4","heavy",100,0.41,0.637638610507577,0.445332842872801,0.687000926556336,0.65706599248084,0.475402035299412,0.653986077833725,0.251169672196267,0.554360932139682,0.281890951390979,0.644513665746074,0.513432248107064,0.671116128863537,0.259891294723615,0.565088318343523,0.282405233261546,1.46600000000001,0.650000000000034
"11436-5","heavy",100,0.42,1.12890527830843,0.438502991704376,0.110935684730659,0.999483401370824,0.786232348714426,0.206372064189796,0.30375832091117,0.592778793852268,0.305938476852462,1.05501581618103,0.758446535512898,0.114548509487933,0.284279119531692,0.586309842319251,0.296970053873582,1.65100000000001,0.596000000000004
