"sim","censoring","n","perc_censored","alpha_fc","beta_fc","gamma_fc","alpha_extrap","beta_extrap","gamma_extrap","se_alpha_extrap","se_beta_extrap","se_gamma_extrap","alpha_extrap_no","beta_extrap_no","gamma_extrap_no","se_alpha_extrap_no","se_beta_extrap_no","se_gamma_extrap_no","time_extrap","time_extrap_no"
"11432-1","heavy",2000,0.4155,1.01650572279281,0.49927146105925,0.252260483921975,1.03198549402959,0.476293396095243,0.246331660975428,0.0557220236683362,0.136443251916764,0.0623200401270386,1.02930037044131,0.485977808666774,0.251651773827411,0.0568145553576642,0.138729442204953,0.0612823865996691,77.359,1.38099999999997
"11432-2","heavy",2000,0.4155,1.00217968057892,0.478762094489658,0.243227943092791,1.02086729754001,0.405570926093651,0.23991907563186,0.0544765255090382,0.102002300764263,0.06406135859862,1.00714902400746,0.444770955916335,0.250430261743492,0.0548046115233744,0.107809596709075,0.0617068004016168,111.523,2.21499999999997
"11432-3","heavy",2000,0.386,1.12003910501051,0.35631870004061,0.194557519131463,1.12581783286066,0.371122359174458,0.188439515125091,0.0547205321845841,0.126618342937544,0.0645074210330792,1.12022293683642,0.377064467611155,0.198147460158619,0.0555159710204572,0.128989512228697,0.0618885461588461,66.5749999999999,1.60299999999995
"11432-4","heavy",2000,0.413,0.967348269914707,0.517751366016746,0.26979026754971,0.948087873007558,0.529721252268201,0.289336471389513,0.0551385157111626,0.103273907525324,0.0638806493270803,0.954852181763627,0.558870933627872,0.271915957315904,0.0547070540263005,0.112997326035635,0.0622321905971463,98.298,1.65600000000006
"11432-5","heavy",2000,0.4155,1.02749295499653,0.453213535465049,0.24994021325975,1.02756316171908,0.465040543799504,0.249802087496092,0.0582499606183576,0.115142725206053,0.0648213453459091,1.01695658036849,0.499663066055333,0.257274204893632,0.0597465569013821,0.123221186133692,0.0647150952626514,73.914,1.86299999999994
