"sim","censoring","n","perc_censored","alpha_fc","beta_fc","gamma_fc","alpha_extrap","beta_extrap","gamma_extrap","se_alpha_extrap","se_beta_extrap","se_gamma_extrap","alpha_extrap_no","beta_extrap_no","gamma_extrap_no","se_alpha_extrap_no","se_beta_extrap_no","se_gamma_extrap_no","time_extrap","time_extrap_no"
"11425-1","heavy",2000,0.4025,1.03199088939368,0.455005558050843,0.279931605789346,1.05601102897827,0.391774397904821,0.276396120186382,0.056941688618018,0.110742036432975,0.0616086175618127,1.05784882850103,0.409978831948401,0.268572155798707,0.0561449556786529,0.118383681110044,0.0619115330580354,81.2929999999999,1.53200000000004
"11425-2","heavy",2000,0.41,1.03847413766735,0.432225686297705,0.234161187638586,1.05255412076396,0.413795640689511,0.236724253484866,0.0598512863947813,0.132970713573788,0.0650861362080937,1.05405374265593,0.425264387821619,0.233308222106808,0.0588073281407727,0.132584583646665,0.0641317213715919,77.905,1.52100000000002
"11425-3","heavy",2000,0.412,1.0507918039045,0.41307502922656,0.304369811580296,1.04907045761268,0.43650907621334,0.292971646229545,0.0532498800556471,0.11004810447733,0.0634560182077211,1.02894895513874,0.49090362631846,0.309784722500672,0.0539652162725633,0.117218662208407,0.0625609693628123,79.2259999999999,1.48099999999999
"11425-4","heavy",2000,0.4205,0.974960604103326,0.498454706714888,0.253203425842915,0.936490720508311,0.620294833243639,0.261896058145168,0.0561991287478406,0.125395395467676,0.0630109860949102,0.930649665087298,0.661866673793428,0.261459492342226,0.0570921339583777,0.135726776000055,0.0622877848644033,73.7430000000001,1.48500000000001
"11425-5","heavy",2000,0.4225,0.984607601955622,0.500925682052864,0.22835753572486,0.986198830367721,0.497333783076812,0.220337011297077,0.0568936679077984,0.116135218258731,0.0650977982623113,0.972567106258286,0.559009014410647,0.228105226523021,0.0580789911193233,0.122535125840298,0.0668731362807474,72.655,1.55700000000002
