"sim","censoring","n","perc_censored","alpha_fc","beta_fc","gamma_fc","alpha_extrap","beta_extrap","gamma_extrap","se_alpha_extrap","se_beta_extrap","se_gamma_extrap","alpha_extrap_no","beta_extrap_no","gamma_extrap_no","se_alpha_extrap_no","se_beta_extrap_no","se_gamma_extrap_no","time_extrap","time_extrap_no"
"11428-1","heavy",100,0.33,1.02307221559242,0.72570134170184,0.203348975757752,1.09373903862974,0.512165099622422,0.221032893120539,0.248374273569914,1.30424946817764,0.300575630862746,1.11116113221283,0.273798866924497,0.248366255914041,0.2526340465699,1.30646595399558,0.310133466594464,1.09999999999999,0.506999999999977
"11428-2","heavy",100,0.51,1.25820273882207,0.65881436444436,0.0234511798335756,1.3544509119994,0.247265479156693,0.00305588904423143,0.227186916234169,0.304721604687465,0.287648147005463,1.39463638129286,0.241329173196361,0.0270637098027248,0.262000003295405,0.533390946799513,0.280279767407263,1.42100000000002,0.5
"11428-3","heavy",100,0.42,1.07874066012667,0.473676445672158,0.266912394417613,1.0533502509633,0.731945298602782,0.217557056104817,0.250511786271509,0.58723997157428,0.262188985991226,1.03076227092656,0.846618320643876,0.239425040758822,0.257487505156503,0.671934001762076,0.267838570534479,1.41200000000001,0.5
"11428-4","heavy",100,0.4,0.766875243903813,0.788724257441598,0.226140165464708,0.684074505313507,1.12204875948786,0.303134470218791,0.252881833296276,0.645835543246676,0.28111451954679,0.645858641918743,1.32134616491621,0.34191550345755,0.272855231241893,0.763024858037709,0.275269672023313,1.27300000000002,0.507000000000005
"11428-5","heavy",100,0.48,0.856778285919196,0.500042991930911,0.467506580975603,0.81603500428862,0.62502957261912,0.535338296794625,0.279164801579967,0.507371850484505,0.27764815417833,0.813017018140248,0.73324288927179,0.516533387667195,0.280971593629848,0.620918640502628,0.280628343498962,1.233,0.506999999999977
