"sim","censoring","n","perc_censored","alpha_fc","beta_fc","gamma_fc","alpha_extrap","beta_extrap","gamma_extrap","se_alpha_extrap","se_beta_extrap","se_gamma_extrap","alpha_extrap_no","beta_extrap_no","gamma_extrap_no","se_alpha_extrap_no","se_beta_extrap_no","se_gamma_extrap_no","time_extrap","time_extrap_no"
"11426-1","heavy",2000,0.4275,1.08656955694653,0.443278437285817,0.187020620100973,1.07989215922275,0.477452260314599,0.191379893521353,0.056897193948532,0.121745632774709,0.0618729999686988,1.0840240500115,0.495523024664885,0.175659809674524,0.0576729233059648,0.127304826916279,0.0633145102400124,86.99,1.29399999999998
"11426-2","heavy",2000,0.413,1.01511537555413,0.453862293798284,0.258118597082627,1.02354543764016,0.433241015540554,0.258429181291911,0.0562422013953168,0.119277712107415,0.0651421578770276,1.01198824570129,0.47000692976328,0.269946882203737,0.0574336731819166,0.128088144686286,0.0623827745944051,86.173,1.28799999999995
"11426-3","heavy",2000,0.4035,0.984785514848274,0.560701794484696,0.213263981401253,0.976243896689463,0.661229937309054,0.205533375589576,0.0578858891955917,0.135482171741686,0.0639959928516321,0.965128655917926,0.684669432961554,0.220810611650324,0.0584092908813858,0.140199212420184,0.0658526353545584,56.228,1.286
"11426-4","heavy",2000,0.4115,0.969158189496475,0.52366304504022,0.279575099765887,0.96771339537846,0.498706622453842,0.28999228962961,0.0560000718721878,0.112388385242516,0.0644126652157047,0.975018630099979,0.507369432666569,0.271290105530556,0.0565348725325669,0.116784307855657,0.0653351713116511,51.973,1.28800000000001
"11426-5","heavy",2000,0.407,1.02198366075093,0.474000197630747,0.235937121263164,1.02749180342553,0.45566564949962,0.240284441424541,0.0552707087330382,0.110198196040893,0.0628322997033285,1.02647309927514,0.486097639069436,0.226983761503982,0.0548302812817023,0.12093720890786,0.0620098642124485,62.437,1.28700000000003
