"sim","censoring","n","perc_censored","alpha_fc","beta_fc","gamma_fc","alpha_extrap","beta_extrap","gamma_extrap","se_alpha_extrap","se_beta_extrap","se_gamma_extrap","alpha_extrap_no","beta_extrap_no","gamma_extrap_no","se_alpha_extrap_no","se_beta_extrap_no","se_gamma_extrap_no","time_extrap","time_extrap_no"
"11441-1","heavy",500,0.418,0.993511372064938,0.574637491155823,0.212374774796063,0.929948855652779,0.846613725333231,0.208292909247028,0.108799211435781,0.274133950066415,0.12696060173228,0.920591539303478,0.864381614265688,0.222692093022198,0.108898732986254,0.278931367697281,0.124851452726801,10.11,1.18700000000001
"11441-2","heavy",500,0.42,0.981419542903289,0.490299688589799,0.309446382775255,1.00304489728981,0.435206602412726,0.316641073609621,0.11143832458843,0.233605781806989,0.126171662001387,1.00653125648379,0.45953785260252,0.311249162649234,0.117115494790497,0.267690766528852,0.125912483828729,12.036,1.16999999999996
"11441-3","heavy",500,0.41,0.945891426057195,0.485008952940488,0.182055513704005,0.918315103301374,0.508465999692522,0.232672165779858,0.121210425381899,0.244704049579269,0.13427876902472,0.925361851201983,0.59472380275177,0.190975585904937,0.119707706787146,0.283587515402889,0.13575422586868,10.376,1.00600000000003
"11441-4","heavy",500,0.42,1.01823241697574,0.496058048587036,0.147859163360402,0.986004778180929,0.341690253804936,0.152814466068129,0.0978912655510006,0.0856393044139184,0.124278331268125,0.968296008262378,0.494790063992595,0.169419948916322,0.106029478577081,0.14408838291199,0.125427952635027,19.746,0.974999999999966
"11441-5","heavy",500,0.432,1.07615607161907,0.447357339156434,0.250509854256758,1.13051120513893,0.243263403597343,0.244854167206793,0.107056742272309,0.178879840225534,0.124166428548889,1.12573642391542,0.291914275803377,0.245933694064247,0.108730327025424,0.217831367494376,0.119461549505727,15.736,1.10700000000003
