"sim","censoring","n","perc_censored","alpha_fc","beta_fc","gamma_fc","alpha_extrap","beta_extrap","gamma_extrap","se_alpha_extrap","se_beta_extrap","se_gamma_extrap","alpha_extrap_no","beta_extrap_no","gamma_extrap_no","se_alpha_extrap_no","se_beta_extrap_no","se_gamma_extrap_no","time_extrap","time_extrap_no"
"11423-1","heavy",100,0.39,1.06186872881528,0.195888058239461,0.408396685647294,1.06388099897649,0.185119731637743,0.430570039629954,0.229931536652344,0.727292373495232,0.25548295292904,1.08279485063148,0.157740482574453,0.413407006204575,0.239712316222146,0.787192311564176,0.256693344424131,1.68100000000001,0.597999999999985
"11423-2","heavy",100,0.34,0.884722934928228,0.584422085903981,0.48147130022526,0.703771079162577,1.47430488709921,0.570088834379665,0.348979105857485,1.1107115876375,0.322095536176003,0.70161121126022,1.68725594933673,0.504618384328403,0.327478204146753,1.1524919539576,0.309293443075686,1.31999999999999,0.513999999999982
"11423-3","heavy",100,0.41,1.00204077674965,1.08351939924449,0.12366915259247,0.879482574823438,1.96049891542502,0.142511347613069,0.250507956920099,0.938833872322886,0.252896939540465,0.91188130831995,2.06302173836802,0.0877886224977735,0.253093996897216,0.973143194599263,0.258938414190032,1.34299999999999,0.545999999999992
"11423-4","heavy",100,0.37,1.05774560608506,0.685824151235549,0.193581452247239,1.02937549020712,0.878196004736707,0.168566687571124,0.245718138267353,0.502796459226059,0.28533948320377,1.01630266403296,1.00268401250051,0.142854583385958,0.242250837998959,0.522548596992886,0.279609973475291,1.09299999999999,0.567000000000007
"11423-5","heavy",100,0.46,0.961619407881019,0.337639084055673,0.416555696552756,0.947160052942004,0.310022967649412,0.37660590581544,0.20194515819927,0.296880344441072,0.257698784949806,0.920589520657599,0.577961613997063,0.394891304359464,0.216393606071466,0.510212977437612,0.261911744754562,1.31199999999998,0.580000000000013
