"sim","censoring","n","perc_censored","alpha_fc","beta_fc","gamma_fc","alpha_extrap","beta_extrap","gamma_extrap","se_alpha_extrap","se_beta_extrap","se_gamma_extrap","alpha_extrap_no","beta_extrap_no","gamma_extrap_no","se_alpha_extrap_no","se_beta_extrap_no","se_gamma_extrap_no","time_extrap","time_extrap_no"
"11431-1","heavy",500,0.412,0.973800849988559,0.534169284015236,0.287677744504357,0.987446992713869,0.385746137224176,0.295114967147037,0.114291623274505,0.198013423180107,0.130841976106428,0.986447468772435,0.438309207211749,0.282521622905705,0.116313864734508,0.230142826392535,0.133779052463734,12.448,0.871000000000009
"11431-2","heavy",500,0.428,1.05399777578274,0.61656705042597,0.254166181428097,1.10095477834519,0.469526439057144,0.237315170985953,0.114306898772989,0.230317679728341,0.127780350055218,1.09429931062732,0.510138907022962,0.250091102459472,0.116090132035664,0.251085318631899,0.128066107607318,11.805,0.87700000000001
"11431-3","heavy",500,0.414,1.03409674391176,0.508450854795993,0.200690257411323,0.996461129908969,0.6090153045357,0.19984537648684,0.111855079851041,0.197561573496947,0.129676890011379,0.980706594379756,0.719275488252236,0.207835841669705,0.113860546595113,0.232888312781966,0.132104439088491,7.60700000000003,0.675999999999988
"11431-4","heavy",500,0.4,1.02603353216901,0.448749667833597,0.308657263231373,1.00800813139868,0.530671839675361,0.293985751075535,0.105099259283076,0.2280532946788,0.132609398260142,0.998382093956713,0.519777657574336,0.315210761997683,0.106263334328595,0.227834158830575,0.125128627782433,8.63799999999998,0.786000000000001
"11431-5","heavy",500,0.416,1.08683849631361,0.302316089021461,0.129754457829093,1.1066127930941,0.231118424764026,0.12978244097525,0.111110065159238,0.235450574920963,0.130295316294931,1.10080574253479,0.275965197291915,0.137349130438195,0.11432518985595,0.26591603942209,0.126970759256578,7.92900000000003,0.887
