"sim","censoring","n","perc_censored","alpha_fc","beta_fc","gamma_fc","alpha_extrap","beta_extrap","gamma_extrap","se_alpha_extrap","se_beta_extrap","se_gamma_extrap","alpha_extrap_no","beta_extrap_no","gamma_extrap_no","se_alpha_extrap_no","se_beta_extrap_no","se_gamma_extrap_no","time_extrap","time_extrap_no"
"11422-1","heavy",2000,0.408,0.9748767103773,0.485434048496858,0.307774080122347,1.01703615400823,0.359633165758126,0.305136401738702,0.055563657871277,0.108102890163785,0.0634721532076543,1.00842061260413,0.390517844659075,0.31329411018186,0.0560154276299678,0.118303342294265,0.0627005527629659,125.901,2.30199999999991
"11422-2","heavy",2000,0.403,0.954422253306805,0.573249424929421,0.239949448971126,0.949860657767406,0.604740119624442,0.236425853768687,0.0572351191672008,0.135046777879242,0.0628630973104778,0.950794635336521,0.624138956371885,0.236858578094925,0.0585469552384725,0.143863225751911,0.0633537254681587,109.792,2.45900000000006
"11422-3","heavy",2000,0.418,0.975930211567912,0.519100645418028,0.248080221254331,0.971888987874966,0.617276735328425,0.241467012565245,0.0547620128639322,0.130227254339818,0.0625747162274101,0.964145273641191,0.643379396571767,0.246752636193589,0.0556332006851572,0.139993895081559,0.0623413240952009,129.729,2.71900000000005
"11422-4","heavy",2000,0.395,1.01971594865391,0.427951996604455,0.232227588736451,1.00015368843688,0.499145554042546,0.237034276055938,0.0595686506957443,0.128499467530458,0.0645129733814087,0.996007010511264,0.538478463685711,0.230122919896146,0.059103079589782,0.136241863303754,0.065733448692585,103.931,2.476
"11422-5","heavy",2000,0.4175,1.06551859939874,0.511002179592535,0.114853676359265,1.06494449063039,0.49445144379479,0.131290544477873,0.0588303709112565,0.126137530423028,0.063369250931184,1.0613969947996,0.512263368640457,0.13405615447917,0.0568831680248443,0.130078660371852,0.0640376109538253,101.708,2.48599999999999
