"sim","censoring","n","perc_censored","alpha_fc","beta_fc","gamma_fc","alpha_extrap","beta_extrap","gamma_extrap","se_alpha_extrap","se_beta_extrap","se_gamma_extrap","alpha_extrap_no","beta_extrap_no","gamma_extrap_no","se_alpha_extrap_no","se_beta_extrap_no","se_gamma_extrap_no","time_extrap","time_extrap_no"
"11435-1","heavy",2000,0.3965,1.06340003625363,0.414041185181863,0.186850129481916,1.07808444614231,0.376143690849165,0.182681431542278,0.0580017320957179,0.122684131509215,0.0649167620983419,1.07004420460433,0.413081079340174,0.190232331247706,0.0580903184973022,0.129207994168762,0.0651533950608527,113.484,2.36799999999994
"11435-2","heavy",2000,0.418,1.02773123241591,0.555453890987248,0.181638892979985,1.01915862725476,0.51926244602417,0.189862211645604,0.0562415341578317,0.094664758904892,0.0651595495027781,1.00655544429032,0.621211037836632,0.186564558919073,0.0577879334075786,0.115580141234076,0.062905275959098,93.1569999999999,2.23399999999992
"11435-3","heavy",2000,0.416,1.01739119640865,0.435077455561205,0.246562747127418,1.04222367109774,0.35083240593495,0.24304329527536,0.0590063676414896,0.126044728222771,0.0647559845293013,1.04174330213841,0.382184892204588,0.23748798010987,0.0600144013071817,0.136585640622814,0.0660284555869189,118.611,2.33600000000001
"11435-4","heavy",2000,0.4325,0.977295338178987,0.524223560671203,0.267372545154469,0.978398889944685,0.537341057748688,0.256969470028695,0.0567099970528752,0.112171903964954,0.0660184093291561,0.959214020375236,0.579676111945097,0.282126286491448,0.0574203876295822,0.122865902655707,0.0648968343122164,108.59,1.83600000000001
"11435-5","heavy",2000,0.414,0.992437681462564,0.590217671127366,0.24997386711235,0.984656764710234,0.593911489761039,0.236814165596889,0.0542475891656809,0.105313971573918,0.0627758719539682,0.973770804654832,0.612505385197767,0.255974188016944,0.0541064680141123,0.107370329089921,0.0626705487450984,125.035,2.28399999999999
