"sim","censoring","n","perc_censored","alpha_fc","beta_fc","gamma_fc","alpha_extrap","beta_extrap","gamma_extrap","se_alpha_extrap","se_beta_extrap","se_gamma_extrap","alpha_extrap_no","beta_extrap_no","gamma_extrap_no","se_alpha_extrap_no","se_beta_extrap_no","se_gamma_extrap_no","time_extrap","time_extrap_no"
"11432-1","heavy",500,0.432,0.941801898067272,0.568869088368634,0.319812101154563,0.901294159513583,0.585568749932266,0.33639913569807,0.115114408991107,0.211235759918646,0.126409964668186,0.892813856692336,0.670421304169408,0.330338931673241,0.116382332084847,0.251243860171164,0.126376620785829,11.688,0.681000000000012
"11432-2","heavy",500,0.43,1.08329160011653,0.468097852773349,0.178628087073619,1.11373361026189,0.40304868961079,0.197526196001935,0.129243412909501,0.288680083276898,0.129680238690809,1.11824103829015,0.42784947882209,0.17932113219699,0.124066704984784,0.287732873572867,0.131600146497911,8.27600000000001,0.759000000000015
"11432-3","heavy",500,0.42,1.01511326103958,0.456792264561689,0.295224688425449,0.988189531821648,0.460747404062589,0.333098401474096,0.118124046342901,0.193679109788111,0.129477494731385,0.978335901826837,0.614741900876399,0.302997509523061,0.117455437964648,0.240234819627126,0.129245492047881,8.74899999999997,0.761000000000024
"11432-4","heavy",500,0.402,1.03518978862007,0.374058085244232,0.217009900218086,1.10188627192731,0.156314472982804,0.205692664816947,0.113059817994291,0.210074235202126,0.130752006404188,1.09646611891523,0.178570521209451,0.20176144684052,0.11492029765839,0.240103098904882,0.129504468750247,13.8939999999999,0.672000000000025
"11432-5","heavy",500,0.456,0.943182324873095,0.521683717065281,0.272875114432287,0.905004536467972,0.655502407085047,0.275617578897596,0.120253069337015,0.259711109210378,0.125315463508365,0.900700709119588,0.718165404374253,0.267577978829719,0.122865726154564,0.287141172049155,0.12700824298497,12.286,0.856999999999971
