"sim","censoring","n","perc_censored","alpha_fc","beta_fc","gamma_fc","alpha_extrap","beta_extrap","gamma_extrap","se_alpha_extrap","se_beta_extrap","se_gamma_extrap","alpha_extrap_no","beta_extrap_no","gamma_extrap_no","se_alpha_extrap_no","se_beta_extrap_no","se_gamma_extrap_no","time_extrap","time_extrap_no"
"11429-1","heavy",100,0.47,1.07441134242074,0.527658128170994,0.0989594535495383,1.05959019598882,0.47722445459628,0.148938321126297,0.258623423102398,0.492450596911518,0.276374438859453,1.06049325410342,0.604275142338353,0.107343118237315,0.250988098689632,0.593349002612379,0.28238382440145,1.21899999999999,0.495000000000005
"11429-2","heavy",100,0.35,1.33331774991338,-0.345032366989119,0.0875585992760208,1.28649120770935,-0.16577218481779,0.115032624595466,0.283869093173973,0.615873211292602,0.298945870722217,1.24415147859538,-0.0490449200526082,0.130308303900375,0.254843108865996,0.628833099191023,0.28949342344126,1.30199999999999,0.49799999999999
"11429-3","heavy",100,0.42,0.845034999511197,0.648530704563207,0.490549106973554,0.812290206092956,1.01840269476978,0.417679170096541,0.262198312545771,0.642463120111613,0.304465443834978,0.807363569560443,0.951333611687258,0.486342574638412,0.286736802924583,0.736658915737466,0.303763576604482,1.26400000000001,0.638000000000005
"11429-4","heavy",100,0.5,1.2394235691897,0.201921639562025,0.00807709040610207,1.29126677806855,0.0832156559280925,-0.010332678203249,0.238316187921686,0.479170933776048,0.294354567643177,1.29448414386639,0.0546444759174416,0.000742500996259964,0.248545079039229,0.597761373800442,0.290996990640119,1.19499999999999,0.504999999999995
"11429-5","heavy",100,0.44,0.931770868265735,0.865391698763124,0.422638316886866,1.03605205521304,0.472015249366803,0.39512097728521,0.260559177250709,0.364715024847815,0.293231777785371,1.00665400992354,0.606855870144866,0.416039819228454,0.27579375610865,0.464494644749892,0.294351912201943,1.477,0.503999999999991
