"sim","censoring","n","perc_censored","alpha_fc","beta_fc","gamma_fc","alpha_extrap","beta_extrap","gamma_extrap","se_alpha_extrap","se_beta_extrap","se_gamma_extrap","alpha_extrap_no","beta_extrap_no","gamma_extrap_no","se_alpha_extrap_no","se_beta_extrap_no","se_gamma_extrap_no","time_extrap","time_extrap_no"
"11431-1","heavy",100,0.43,0.838750688643847,0.704521880367579,0.279953457984363,0.937395792497796,0.432716607688986,0.279547766025876,0.259545550026881,0.565440659027413,0.275126618623785,0.921559944762936,0.46989788115829,0.290434345765195,0.255714881977426,0.672267742178551,0.27009844220691,1.50799999999998,0.695000000000022
"11431-2","heavy",100,0.41,1.10865631620704,0.470364123788786,0.110428916467816,0.954117334854796,1.15383584007877,0.131064053728451,0.253388361874351,0.632836012893165,0.288758809372742,0.962746533878152,1.15758866631834,0.137398214349474,0.26370467747829,0.68898374302543,0.285687107510416,1.71000000000001,0.532999999999987
"11431-3","heavy",100,0.46,0.779191972527379,0.709003084562636,0.461859449440566,0.970683652510489,0.243697314535399,0.435350721505069,0.292906690630915,0.887302757375793,0.320198576166497,0.932821085245318,0.342718000291329,0.444354406238583,0.303237895534212,0.897904682833751,0.318385227798275,1.32999999999998,0.554000000000002
"11431-4","heavy",100,0.46,1.09312044875228,0.35252516404461,0.0746318520349326,1.14186635655075,0.203796025121571,0.067814815798141,0.258099050766197,0.489699124941157,0.281721263161898,1.23261943557004,-0.00759685991001655,0.0261603703878775,0.242034719266079,0.542597717827743,0.269025717925811,1.309,0.682999999999993
"11431-5","heavy",100,0.39,0.99980913492921,0.00369068931705281,0.509598590110165,1.04416651149804,-0.145899271387222,0.500370185530202,0.205262169608046,0.510736912761226,0.247404548616768,1.03231848829514,-0.110124696070677,0.497758439234834,0.21081280689746,0.58649620266815,0.24359628511695,1.714,0.59099999999998
