"sim","censoring","n","perc_censored","alpha_fc","beta_fc","gamma_fc","alpha_extrap","beta_extrap","gamma_extrap","se_alpha_extrap","se_beta_extrap","se_gamma_extrap","alpha_extrap_no","beta_extrap_no","gamma_extrap_no","se_alpha_extrap_no","se_beta_extrap_no","se_gamma_extrap_no","time_extrap","time_extrap_no"
"11437-1","heavy",2000,0.403,0.956172114208792,0.545451857671412,0.298176051002645,0.951736469316682,0.561877268338573,0.297953748803155,0.0579514864672161,0.115222912899626,0.0664664784986168,0.951953416813066,0.603131741608828,0.291430865632458,0.0576445701705114,0.125939554409107,0.0662644314153621,120.585,1.79399999999998
"11437-2","heavy",2000,0.4205,1.02243015886057,0.408558117883095,0.219927045634454,1.01166040053854,0.47346114480896,0.222881475359142,0.0576539213238933,0.133363542951341,0.0617784794782566,1.0146415987211,0.493779304045922,0.218107774254132,0.05795027207944,0.138153372475181,0.0622307090320983,101.212,1.98800000000006
"11437-3","heavy",2000,0.413,1.02959298099762,0.469631436718871,0.287003799117816,1.03589016568501,0.463295600112409,0.285956629783748,0.0558443384770569,0.116251602634401,0.0613123988327429,1.02866867469509,0.499625922060062,0.289178278805219,0.0573851718558661,0.128141382398213,0.0625463434975432,91.797,2.649
"11437-4","heavy",2000,0.4255,0.96269686750444,0.526601810529632,0.340828586800428,0.925726506776816,0.70170303087279,0.336723247711849,0.0633503428061135,0.143062620147193,0.0645723127686411,0.925458630410068,0.73016682880275,0.32699288954763,0.0624717456633873,0.145686375308937,0.0650873088005485,88.53,1.77499999999998
"11437-5","heavy",2000,0.407,0.963994122134825,0.506395792619865,0.276234765293263,0.960917080869416,0.512529460232808,0.27034291543319,0.0562064787570475,0.114316790735416,0.0641823124770888,0.960000980506904,0.550680730901189,0.270768472030769,0.056361370137604,0.123694483637672,0.0637673935274954,88.9530000000001,2.24299999999994
