"sim","censoring","n","perc_censored","alpha_fc","beta_fc","gamma_fc","alpha_extrap","beta_extrap","gamma_extrap","se_alpha_extrap","se_beta_extrap","se_gamma_extrap","alpha_extrap_no","beta_extrap_no","gamma_extrap_no","se_alpha_extrap_no","se_beta_extrap_no","se_gamma_extrap_no","time_extrap","time_extrap_no"
"11433-1","heavy",100,0.53,0.979133603514778,0.214465119978159,0.251734873453828,0.982151409083725,0.0748283824056091,0.275897427433544,0.280459052316279,0.260451395035833,0.290539160068109,0.983297186348131,0.146477121025072,0.268956037718662,0.284607026184732,0.529691600522702,0.28716503142144,1.01500000000001,0.616000000000014
"11433-2","heavy",100,0.41,0.706815861714439,0.67748286681803,0.423235150703159,0.828459125464276,0.107579919218424,0.415086816922907,0.261051649160949,0.428408625398026,0.281741764085417,0.847611933200266,0.120926742473645,0.409707713644204,0.244169001069786,0.526995224854523,0.282727311860426,1.42400000000001,0.664000000000016
"11433-3","heavy",100,0.42,0.912007371667933,0.451167466921914,0.521637206097429,1.0177392716919,0.0397334217943483,0.593411216339621,0.239007842009687,0.68951693698309,0.268426898275591,1.03220825316879,-0.0465649597122252,0.613090891888769,0.246824731285597,0.680284790194628,0.261896917602202,1.291,0.554000000000002
"11433-4","heavy",100,0.36,0.958126175703481,0.554254455810982,0.164252850639972,1.05285817265023,0.0859397832040135,0.202672669675851,0.267985068481406,1.16045682673826,0.314737251389857,1.09253080178129,-0.167811565631853,0.198001894760588,0.272315099132922,1.14709446839966,0.303776432233204,1.13,0.597000000000008
"11433-5","heavy",100,0.37,1.01158416942697,0.384710836943763,0.364908241428454,1.02404412348995,0.294088650536011,0.388856385231549,0.211330766239064,0.44779768824652,0.293982814431143,1.02530892766226,0.296838668670423,0.393758790415892,0.227677448231258,0.498519298978704,0.288437197940423,1.38299999999998,0.687000000000012
