"sim","censoring","n","perc_censored","alpha_fc","beta_fc","gamma_fc","alpha_extrap","beta_extrap","gamma_extrap","se_alpha_extrap","se_beta_extrap","se_gamma_extrap","alpha_extrap_no","beta_extrap_no","gamma_extrap_no","se_alpha_extrap_no","se_beta_extrap_no","se_gamma_extrap_no","time_extrap","time_extrap_no"
"11438-1","heavy",500,0.394,1.12521624091793,0.466548243586126,0.107264495720319,1.12717644807522,0.429656646493674,0.112465912539451,0.116739844417579,0.247081953697955,0.133909143080705,1.12444725798018,0.452718203057335,0.118696330997624,0.121438593852427,0.259670604134556,0.137880098573292,9.226,1.03500000000003
"11438-2","heavy",500,0.386,0.975167611537723,0.711302105116608,0.234565486459273,0.908397323680517,1.12956551772966,0.217654167242231,0.105433743574698,0.283177784532132,0.12116645855972,0.890701401551638,1.2108097507725,0.235844704163778,0.108418086356995,0.304568461937266,0.121282165653101,11.582,0.868999999999971
"11438-3","heavy",500,0.408,0.941129771325455,0.591125047063045,0.29850849271174,0.934406750056464,0.694966812419952,0.287730852085234,0.117381040589891,0.293910336528787,0.125858587641952,0.925800573672884,0.726770671961728,0.303399464945437,0.118919533076997,0.29535053185686,0.128101217964342,12.436,1.00999999999999
"11438-4","heavy",500,0.442,0.956621988043635,0.268181170859674,0.323118613730042,0.957962360637415,0.246795890436644,0.315510506682836,0.11150673203314,0.196790788069767,0.133080092935955,0.958607139661501,0.249048407767895,0.326414053668867,0.111772616868122,0.235965409314818,0.127102540459455,11.447,0.877999999999986
"11438-5","heavy",500,0.402,0.936069306547888,0.486580897152974,0.393099159217928,1.00414089419164,0.244615694417259,0.41418860441995,0.116089933634722,0.241310064485765,0.131343803194534,1.01025719089505,0.258677959396018,0.408847267738306,0.11602857544481,0.262230633438304,0.128150972189055,13.044,1.05599999999998
