"sim","censoring","n","perc_censored","alpha_fc","beta_fc","gamma_fc","alpha_extrap","beta_extrap","gamma_extrap","se_alpha_extrap","se_beta_extrap","se_gamma_extrap","alpha_extrap_no","beta_extrap_no","gamma_extrap_no","se_alpha_extrap_no","se_beta_extrap_no","se_gamma_extrap_no","time_extrap","time_extrap_no"
"11425-1","heavy",100,0.49,0.802967919861874,0.400308533407787,0.545813931815981,0.933381711405695,-0.108534162342805,0.571928126816051,0.289130666804513,0.73756388591263,0.280859082829855,0.944958849559305,-0.183031307021118,0.576388904960078,0.289092327252016,0.835311862947733,0.283069146098568,1.53199999999998,0.587999999999994
"11425-2","heavy",100,0.5,0.87740164883692,-0.000419812627760163,0.651670336062899,0.843542273944243,0.138732439255455,0.652878563726434,0.288359687944672,0.80225904600713,0.319980215188833,0.791736345284959,0.375862140924514,0.642183447271208,0.294710988237713,0.957999782701018,0.308544136701152,1.233,0.588999999999999
"11425-3","heavy",100,0.41,0.766338731743547,1.22606768595698,0.435209712718985,0.566421943627745,2.30533032762027,0.405543596686056,0.223737939667255,0.677755968608882,0.304104210535529,0.563226974450589,2.48011064797531,0.453420413605968,0.229572399541817,0.764947221914194,0.299532367450786,1.37200000000001,0.593999999999994
"11425-4","heavy",100,0.42,1.27844758950944,0.822026865981816,-0.114534445867742,1.20540703464637,1.16184374398019,-0.157105243777022,0.225504776199515,0.539660107013007,0.26754635016239,1.16194628918683,1.33346484460463,-0.0805664439147339,0.236005810263526,0.654712226146511,0.265327475254561,1.084,0.585000000000008
"11425-5","heavy",100,0.41,0.807736375078969,0.588212995709469,0.257864067117982,0.891733397082866,0.44103877161011,0.222668870693054,0.247947209618347,0.777178447612481,0.314361784361654,0.881244478916235,0.440911741782425,0.249251790227393,0.255852964951207,0.830999640614054,0.302568765231637,1.40299999999999,0.594999999999999
