"sim","censoring","n","perc_censored","alpha_fc","beta_fc","gamma_fc","alpha_extrap","beta_extrap","gamma_extrap","se_alpha_extrap","se_beta_extrap","se_gamma_extrap","alpha_extrap_no","beta_extrap_no","gamma_extrap_no","se_alpha_extrap_no","se_beta_extrap_no","se_gamma_extrap_no","time_extrap","time_extrap_no"
"11431-1","heavy",2000,0.421,0.928640584730287,0.577211885772887,0.317299529978419,0.932060964467651,0.553745683560527,0.324459914193237,0.0562320661045911,0.120730271142301,0.0632972539450831,0.930955256635275,0.600138682692646,0.317435195928743,0.0575261823699298,0.137034128280803,0.0653791070451852,66.086,1.39600000000002
"11431-2","heavy",2000,0.3885,1.01068111105601,0.420948986272879,0.210529855231526,0.96680043415441,0.656750364654524,0.207916437299307,0.0585678437264269,0.150267126411974,0.064613487723279,0.96633981149865,0.670375215541529,0.204001357623995,0.0592978319440386,0.153442995644549,0.0638092199543344,72.833,2.31099999999998
"11431-3","heavy",2000,0.4255,0.972391483088313,0.475666012333139,0.253749461814915,0.995749566155573,0.388181674810495,0.241195747790235,0.0559470317969751,0.103333352732936,0.0637956322686976,0.992509638809182,0.421437348530834,0.237546267813883,0.059092241439331,0.11615304497704,0.0639485128128575,84.061,2.202
"11431-4","heavy",2000,0.412,0.992943519175983,0.464406973132453,0.235177995283646,0.979574816180737,0.528925004150534,0.218453738541975,0.0556000789140879,0.111685280631598,0.0628379486755703,0.968837095673433,0.577202715231886,0.224502227875355,0.0571876509885821,0.118926127988407,0.064077784124127,107.464,1.3900000000001
"11431-5","heavy",2000,0.4045,0.982820311364764,0.572551853426815,0.260134430386379,0.992530291700147,0.606873369988402,0.241362664070305,0.0535784224048124,0.123751784581363,0.0609122421605633,0.984538645525528,0.640524222898267,0.248451964183813,0.0554703906997518,0.129107276731634,0.0611350454847031,71.0839999999999,1.73799999999994
