"sim","censoring","n","perc_censored","alpha_fc","beta_fc","gamma_fc","alpha_extrap","beta_extrap","gamma_extrap","se_alpha_extrap","se_beta_extrap","se_gamma_extrap","alpha_extrap_no","beta_extrap_no","gamma_extrap_no","se_alpha_extrap_no","se_beta_extrap_no","se_gamma_extrap_no","time_extrap","time_extrap_no"
"11440-1","heavy",500,0.4,0.937420834059521,0.547145552761747,0.345299784500149,0.946687380878009,0.56255984173615,0.34158488172833,0.117608899485271,0.257826653299325,0.135679701950226,0.937098015578081,0.589892520087805,0.346811313315856,0.121597056712434,0.269737354134686,0.137298548274642,11.168,1.197
"11440-2","heavy",500,0.406,0.867769562537543,0.660888178186539,0.251228971432889,0.91245054750258,0.597605961714147,0.225587485210285,0.109611728435208,0.25631322399606,0.131043608346387,0.889750025064143,0.622984800132794,0.255698985907266,0.115174857568364,0.264013419737223,0.129276039969191,13.547,1.19
"11440-3","heavy",500,0.418,0.91951508108815,0.520514152167305,0.35235769380944,0.939567340495886,0.455131447667832,0.338607860205931,0.108084685855104,0.222348174817568,0.12653457995396,0.928214293213173,0.49268957293582,0.346290060820061,0.111329978322537,0.229588884931044,0.129821704069071,16.056,1.18200000000002
"11440-4","heavy",500,0.416,0.967157449000165,0.526209079940961,0.302959260009966,0.944208112220955,0.66686757834415,0.306226166240484,0.108480557361069,0.278234357320311,0.125140378382615,0.919058223632332,0.741686899006592,0.326946950622324,0.109514031074711,0.290967710316303,0.12462578359527,11.115,1.00400000000002
"11440-5","heavy",500,0.412,1.03627303825813,0.382789809805817,0.158969676053124,1.00154880347418,0.524724755831108,0.157207208524069,0.115868952312026,0.25301133131152,0.125857535348363,1.0038498113738,0.555566663247065,0.144941650381947,0.111031668089414,0.267781279138116,0.12691141778478,14.974,1.06999999999999
