"sim","censoring","n","perc_censored","alpha_fc","beta_fc","gamma_fc","alpha_extrap","beta_extrap","gamma_extrap","se_alpha_extrap","se_beta_extrap","se_gamma_extrap","alpha_extrap_no","beta_extrap_no","gamma_extrap_no","se_alpha_extrap_no","se_beta_extrap_no","se_gamma_extrap_no","time_extrap","time_extrap_no"
"11436-1","heavy",2000,0.4115,0.970789536272264,0.616768206321482,0.210115139336485,0.94188020782042,0.705908930872913,0.21185183464344,0.0566832885383573,0.111290113274085,0.0638864998870797,0.944447038153303,0.739705468679635,0.200512518669042,0.0550842783512782,0.118845119766109,0.0626687976928193,105.372,2.35999999999996
"11436-2","heavy",2000,0.4095,1.0136159220571,0.406428721257988,0.242467635193347,1.01560214508742,0.468309703081543,0.241342756389142,0.0585673308161757,0.132156327451127,0.0642684034687471,1.01115040031285,0.475736161199752,0.243944886656089,0.0570423209811223,0.134360521146917,0.0653634859449039,79.417,1.90700000000004
"11436-3","heavy",2000,0.3945,1.03543991965197,0.541590644655815,0.239572360331292,1.0338628621975,0.506002943031288,0.244641744321654,0.054791650032207,0.105333636516165,0.0641058985276856,1.03425578950678,0.552626995600144,0.230436325535044,0.0552408466240019,0.115875938420785,0.0631169243246683,71.226,2.68599999999992
"11436-4","heavy",2000,0.383,0.987203249413208,0.489349880794236,0.254721632520022,1.00349450060065,0.449135211755662,0.242582729285331,0.052656898171544,0.105013053477848,0.0639939646787578,0.993867434814204,0.503344249650767,0.254200869049144,0.0553824046358994,0.117297411156462,0.0613400293601712,88.3389999999999,2.25700000000006
"11436-5","heavy",2000,0.411,0.961138086315019,0.466060313661647,0.24508901880687,0.982336087846702,0.389975504311043,0.25782723426312,0.0556312002735408,0.130698560001259,0.0624139528848306,0.982177270067181,0.419679282441493,0.255933740011965,0.0559914300170439,0.137269972500463,0.0628211179193815,73.3119999999999,2.26099999999997
