"sim","censoring","n","perc_censored","alpha_fc","beta_fc","gamma_fc","alpha_extrap","beta_extrap","gamma_extrap","se_alpha_extrap","se_beta_extrap","se_gamma_extrap","alpha_extrap_no","beta_extrap_no","gamma_extrap_no","se_alpha_extrap_no","se_beta_extrap_no","se_gamma_extrap_no","time_extrap","time_extrap_no"
"11432-1","heavy",100,0.38,0.741871410029467,1.24963713972747,0.376626748387468,0.757240628339688,1.35331868029649,0.332727359818875,0.260921484199174,0.738014245738363,0.293832737916762,0.748831108389694,1.48276843379475,0.345447612408074,0.265990678661552,0.79715703599619,0.286265883288529,1.41399999999999,0.705999999999989
"11432-2","heavy",100,0.4,0.961536348031079,0.611068619510639,0.182579265449634,1.12887746277541,0.20947948364265,0.102517556025368,0.31231118263856,0.295573219222315,0.350491543401917,1.11675169638212,0.439959624809079,0.0389786552895337,0.292844160344209,0.436727869419243,0.336799439899503,1.47999999999999,0.716000000000008
"11432-3","heavy",100,0.43,0.978736000555435,0.538181093079289,0.381046041827267,1.02522928443257,0.601920872095419,0.254277402265396,0.193872039568807,0.353268621909158,0.255709744963797,1.00115632098903,0.667948310838024,0.334456555221785,0.213278526656422,0.488004047116296,0.245667619115467,1.21200000000002,0.678000000000026
"11432-4","heavy",100,0.38,0.800300745030605,0.750278852033442,0.229856754611595,0.766576785371001,0.750684107987435,0.211859593964346,0.241117727464823,0.506980148027546,0.293670597560784,0.756605530544175,0.938875888410328,0.188901453972341,0.244251783190931,0.631644475625791,0.29054730717417,1.21000000000001,0.536000000000001
"11432-5","heavy",100,0.34,0.995105047648908,1.02297968776183,0.155082201734031,1.07928028065477,0.71530152816937,0.178220936349051,0.247983786815288,0.653572126625164,0.264831987922263,1.08647007378829,0.826961746552999,0.148072627929148,0.243583449005566,0.707197236745762,0.272037669773695,1.215,0.60499999999999
