"sim","censoring","n","perc_censored","alpha_fc","beta_fc","gamma_fc","alpha_extrap","beta_extrap","gamma_extrap","se_alpha_extrap","se_beta_extrap","se_gamma_extrap","alpha_extrap_no","beta_extrap_no","gamma_extrap_no","se_alpha_extrap_no","se_beta_extrap_no","se_gamma_extrap_no","time_extrap","time_extrap_no"
"11424-1","heavy",2000,0.3975,1.02902123760303,0.419487217560072,0.270038320757461,1.01746191402083,0.475252390683191,0.266144766116414,0.056482294941345,0.121003445011341,0.0637186013533008,1.01368424556967,0.507030641677827,0.26854380664599,0.0570815534187364,0.126990822966674,0.0640255290190143,73.762,1.49899999999997
"11424-2","heavy",2000,0.4175,0.982556341834893,0.437315698857562,0.262711967208772,0.979702689529663,0.46733170409715,0.24997390257,0.0589250844699245,0.122506831902218,0.0668988585485832,0.974060202995316,0.492261046945461,0.255949859727963,0.0590778641212686,0.129183074317899,0.0658050437852759,97.615,1.48500000000001
"11424-3","heavy",2000,0.394,0.981188112434605,0.488426197947058,0.234239115589124,0.98565482511477,0.476839162977396,0.226815726201824,0.0590694132897458,0.118659887404014,0.06703022279577,0.979868266910107,0.535304643353154,0.221704965163309,0.0583367051116338,0.127029886599183,0.0670368591540867,93.884,1.47499999999991
"11424-4","heavy",2000,0.3935,0.989800485745919,0.494010662042368,0.259360821008209,0.970865083973905,0.580395544965502,0.254128114834035,0.0559293143351807,0.119022685264499,0.0630280952933947,0.959975928184076,0.625996845103037,0.260769544527543,0.0563538957167756,0.12574794430563,0.064651021062766,91.542,1.51300000000003
"11424-5","heavy",2000,0.425,1.06010349025994,0.490050614375285,0.188187857744434,1.05285804853777,0.488414009670563,0.20147530478244,0.0593396633558811,0.115787006235969,0.0637494887426657,1.05122929408852,0.509414146790048,0.20231230811816,0.0571917145199357,0.119503679770556,0.0642710024768918,108.294,1.48399999999992
