"sim","censoring","n","perc_censored","alpha_fc","beta_fc","gamma_fc","alpha_extrap","beta_extrap","gamma_extrap","se_alpha_extrap","se_beta_extrap","se_gamma_extrap","alpha_extrap_no","beta_extrap_no","gamma_extrap_no","se_alpha_extrap_no","se_beta_extrap_no","se_gamma_extrap_no","time_extrap","time_extrap_no"
"11441-1","heavy",2000,0.4275,1.00188149409845,0.595769312432708,0.258877798735424,0.964629369699951,0.716579303356001,0.266635368930837,0.0580381718574268,0.122123275569113,0.0637268997854125,0.956853760680456,0.797256790763843,0.255838283412744,0.0561935308687619,0.130052034684089,0.0629640233342278,113.64,2.61599999999999
"11441-2","heavy",2000,0.4185,1.05561865296702,0.387857718468186,0.173638285724944,1.04225694779143,0.46124746670085,0.168108591147944,0.0553562149469644,0.11799850242835,0.0634354730603029,1.03764579052752,0.478335593398879,0.174098447323783,0.0570165995537553,0.12369163586263,0.0642488062009298,130.265,2.50900000000001
"11441-3","heavy",2000,0.4215,1.00225679667293,0.448573011720033,0.267348655779764,0.99114109342629,0.506652301820555,0.263789182819959,0.057135683537787,0.120252684556574,0.0625629263781244,0.987232849934689,0.526206064716826,0.263436987570672,0.0573399757636426,0.125072818530033,0.0629601335835236,115.153,2.17000000000007
"11441-4","heavy",2000,0.414,1.03520538480867,0.434559259337312,0.223635274858057,1.06066692122367,0.321776280289985,0.224873115956531,0.0556824900661184,0.0950365933314002,0.0636047859053382,1.05664452932115,0.367773148129167,0.219093231783485,0.0572580400292867,0.106258841251816,0.0642144475053247,109.593,2.31299999999999
"11441-5","heavy",2000,0.4185,0.991944521503405,0.492076005912555,0.234363255293971,0.968924450211351,0.549588681886096,0.244802576959013,0.0574708305345773,0.108090122959121,0.065727238915556,0.961095184949168,0.619498156532401,0.238722956603392,0.0591568848554943,0.120841143295695,0.0649796231803245,148.892,2.47699999999986
