"sim","censoring","n","perc_censored","alpha_fc","beta_fc","gamma_fc","alpha_extrap","beta_extrap","gamma_extrap","se_alpha_extrap","se_beta_extrap","se_gamma_extrap","alpha_extrap_no","beta_extrap_no","gamma_extrap_no","se_alpha_extrap_no","se_beta_extrap_no","se_gamma_extrap_no","time_extrap","time_extrap_no"
"11427-1","heavy",2000,0.43,1.02588145259076,0.469807751041558,0.222048976221866,1.04327788491439,0.396939555688774,0.218436885065383,0.0560131248529815,0.101067831028853,0.0635197065244695,1.04074907104814,0.420962776965726,0.219893627267135,0.0561503546539613,0.10792508040348,0.061736994380494,91.068,1.291
"11427-2","heavy",2000,0.413,1.01633638935066,0.556875557630131,0.211109213245763,1.03905440199767,0.385385885338942,0.197971660505336,0.0516198074240802,0.0717072706844535,0.0623986364784473,1.0199104851296,0.472373128939909,0.219562352682765,0.0536183445101874,0.089247150862593,0.0614663447301074,91.64,1.28300000000002
"11427-3","heavy",2000,0.3875,0.98648621494582,0.502602741972137,0.14919415194747,0.988705970876981,0.579655651742678,0.128267580762451,0.0554927657080511,0.127820086748276,0.0627591103753797,0.987156982400162,0.583283494490519,0.139602139923424,0.0583312681696625,0.129175407470827,0.0644013299405308,64.43,1.28500000000003
"11427-4","heavy",2000,0.395,1.02525535893863,0.517025726747985,0.166379783893748,1.0477903522461,0.465251313970481,0.164037921944676,0.0554361546662795,0.122491344317907,0.0647169766801094,1.02461566286477,0.519023716466162,0.18915685315782,0.0551475225255002,0.126517071096925,0.0660012156363889,63.498,1.279
"11427-5","heavy",2000,0.3935,0.98992362956836,0.526668175174589,0.21597638942621,0.988696152321946,0.526931237967011,0.201666907971283,0.0537013553212237,0.104513966460478,0.0658179004635817,0.976110110143901,0.566148430112476,0.216322777471957,0.0546162572116243,0.115768842702957,0.0625739030163213,50.422,1.27599999999995
