"sim","censoring","n","perc_censored","alpha_fc","beta_fc","gamma_fc","alpha_extrap","beta_extrap","gamma_extrap","se_alpha_extrap","se_beta_extrap","se_gamma_extrap","alpha_extrap_no","beta_extrap_no","gamma_extrap_no","se_alpha_extrap_no","se_beta_extrap_no","se_gamma_extrap_no","time_extrap","time_extrap_no"
"11425-1","heavy",500,0.396,1.09758332752006,0.498333115756978,0.137499509111291,1.17416455054481,0.307088136367638,0.10941418516383,0.109801086360185,0.188245816951268,0.126894796702777,1.17367531564849,0.344151851921742,0.105659833433207,0.109943206063964,0.225052431903741,0.123317252158554,10.705,0.71599999999998
"11425-2","heavy",500,0.44,1.00315797460671,0.522045598679959,0.181225604942544,0.958833873363834,0.610372659355549,0.218355980398014,0.121216190252779,0.24957904034753,0.131140359671978,0.950206548278627,0.689652347902886,0.195210712939864,0.121444132440391,0.276388387672876,0.131578217381115,9.45499999999998,0.734000000000009
"11425-3","heavy",500,0.414,0.933934080956034,0.530795399918994,0.300804590946132,0.900024724996213,0.627057649741287,0.319954541695741,0.106981386088903,0.230130259446133,0.121205319413049,0.887123587327502,0.694193701261318,0.320164813365601,0.108985942960175,0.244014171966214,0.118415661075475,11.704,0.734999999999985
"11425-4","heavy",500,0.368,1.00655164513364,0.381763354672547,0.26306361787611,0.997306140861625,0.449871935453803,0.27195713861729,0.11157548087813,0.288299439202854,0.122382567122474,0.993324832782581,0.440443429261159,0.27987298383702,0.116746555300198,0.312666027420384,0.124659989191363,9.256,0.747000000000014
"11425-5","heavy",500,0.414,0.987331195626974,0.462918026709043,0.185463985681125,0.973937181501132,0.5540741790709,0.194453913993749,0.120744999396881,0.26551712216143,0.131398191856984,0.97918773783294,0.602286842544543,0.177864046345689,0.120927471181924,0.283995580529365,0.128188733146739,11.415,0.755999999999972
