"sim","censoring","n","perc_censored","alpha_fc","beta_fc","gamma_fc","alpha_extrap","beta_extrap","gamma_extrap","se_alpha_extrap","se_beta_extrap","se_gamma_extrap","alpha_extrap_no","beta_extrap_no","gamma_extrap_no","se_alpha_extrap_no","se_beta_extrap_no","se_gamma_extrap_no","time_extrap","time_extrap_no"
"11435-1","heavy",100,0.47,1.26487636861628,0.430302239284646,0.138672387001587,1.22823275843776,0.422872920241472,0.170030981640287,0.273294678897892,0.413868643014694,0.277974691740461,1.25620809655919,0.545681069334629,0.116600445527667,0.263341180177857,0.581860220830549,0.271215772483815,1.73999999999995,0.779999999999973
"11435-2","heavy",100,0.33,1.23300704032962,0.641474526106147,0.208514008476854,1.25221598069135,0.628631365048005,0.220545884962178,0.209357739601228,0.722406804803277,0.289487425917741,1.25588496403655,0.624502276901075,0.205516509580489,0.215476895320476,0.762558324817405,0.290443902509835,1.39299999999997,0.769000000000005
"11435-3","heavy",100,0.38,0.915973023595735,0.308339658401719,0.37635987624537,0.937955870826281,0.199139573065595,0.362465761585386,0.230307955463255,0.321357341830321,0.277441928500309,0.935946787773956,0.287391039239856,0.347555584415029,0.237588052532574,0.401709857045317,0.281969080741319,1.48099999999999,0.658999999999992
"11435-4","heavy",100,0.43,0.977880291937442,0.486073420113836,-0.103141058558937,0.959592345522475,0.597357634201701,-0.128281776316809,0.217325161617463,0.488324123460343,0.250093307304393,0.940887865900975,0.672495514881595,-0.102767841905314,0.220270736354308,0.554494985088266,0.245978607040978,2.00100000000003,0.617000000000019
"11435-5","heavy",100,0.39,0.996929186907912,0.436476467562432,0.113898031421415,0.95521627627403,0.608234052510203,0.110201752578138,0.256991785000924,0.579469832776821,0.284294843128571,0.95291674015712,0.656802835710401,0.105163325718038,0.250944495961708,0.620888979978717,0.278361620042012,1.39100000000002,0.643000000000029
