"sim","censoring","n","perc_censored","alpha_fc","beta_fc","gamma_fc","alpha_extrap","beta_extrap","gamma_extrap","se_alpha_extrap","se_beta_extrap","se_gamma_extrap","alpha_extrap_no","beta_extrap_no","gamma_extrap_no","se_alpha_extrap_no","se_beta_extrap_no","se_gamma_extrap_no","time_extrap","time_extrap_no"
"11433-1","heavy",500,0.41,1.01965835408093,0.397578587558778,0.176016906905834,1.01868342663145,0.595990426528637,0.141226936154409,0.112414078168765,0.315060192643338,0.121770875140548,1.01760045336004,0.62541612240927,0.138342683822332,0.111820222441857,0.323086774496469,0.121739222670522,10.788,0.900999999999954
"11433-2","heavy",500,0.402,1.03201532373192,0.62571849754249,0.239002064987226,1.00400685307601,0.789340584641656,0.258287183891227,0.101391691990466,0.249732336948292,0.123243256521528,0.990672508529168,0.785115181162436,0.299145981429081,0.105732901585795,0.271966509410984,0.123051268536967,9.22000000000003,0.682999999999993
"11433-3","heavy",500,0.422,0.977147000441252,0.504303793123728,0.260526553583239,0.984970056307302,0.446417406173828,0.254489614955835,0.112417966581379,0.186712124853877,0.135876187458648,0.951080711028818,0.522676561825118,0.2944711178657,0.113823449406947,0.222283113835537,0.131551342245212,13.472,0.690999999999974
"11433-4","heavy",500,0.414,1.02474560346758,0.719788496173065,0.200125412120329,1.01100195942579,0.989779804511677,0.194349388796399,0.126910599098635,0.304912159745143,0.136330655398139,1.00344470715025,1.01404867013651,0.199190304690801,0.129455883527566,0.309079865390514,0.137773411343552,9.642,1.10400000000004
"11433-5","heavy",500,0.434,0.902433454757641,0.540751163289049,0.348012126214855,0.918463724564668,0.583915180108124,0.302964149317715,0.112738855249715,0.240242538417778,0.126390530793653,0.898690129655643,0.613958886497775,0.321697446388394,0.116362044652369,0.241537464423289,0.132676816120795,12.443,0.942000000000007
