"sim","censoring","n","perc_censored","alpha_fc","beta_fc","gamma_fc","alpha_extrap","beta_extrap","gamma_extrap","se_alpha_extrap","se_beta_extrap","se_gamma_extrap","alpha_extrap_no","beta_extrap_no","gamma_extrap_no","se_alpha_extrap_no","se_beta_extrap_no","se_gamma_extrap_no","time_extrap","time_extrap_no"
"11423-1","heavy",500,0.4,0.911429257306442,0.643916228169956,0.262794245884846,0.90112598820669,0.626483678346566,0.258508511704357,0.0989258801928277,0.188676130061539,0.115640159432399,0.889651170542616,0.657448604476745,0.284627722201429,0.104334947055406,0.213673766280498,0.117223148283788,8.70500000000001,0.72399999999999
"11423-2","heavy",500,0.43,1.00769726081339,0.52427849984849,0.288082164928821,0.993208556505572,0.663738661799053,0.287265537573752,0.123854651824646,0.300785849643244,0.134979560539375,0.99028236755515,0.675715015648026,0.286823126093372,0.125279625646395,0.296259542351329,0.136160010846372,6.17499999999998,0.72399999999999
"11423-3","heavy",500,0.41,1.01542118991195,0.458716848922232,0.388360346870774,0.976506727538917,0.670781938312259,0.388315869446111,0.108627626018102,0.251684022876827,0.118671652141226,0.971423390879273,0.727998802436502,0.378625089403318,0.109140410968837,0.262178705661456,0.124881863270089,7.22400000000002,0.72999999999999
"11423-4","heavy",500,0.446,1.01624753519033,0.389798064251591,0.176589476328124,0.994571032367634,0.52182571007226,0.150308862149317,0.102691251188347,0.244170064065609,0.125693115923349,0.984723477002462,0.462045784173634,0.207065772168493,0.105995612442743,0.240017031185565,0.121063262570799,12.999,0.74799999999999
"11423-5","heavy",500,0.416,1.00364560840459,0.433578637184862,0.180786154515031,0.926962477486633,0.685165397848301,0.185280213671316,0.120066970119656,0.224498964848574,0.129835839624761,0.925696862011651,0.747322856908039,0.168604748848891,0.118334193862244,0.250410180505821,0.127637777654651,10.415,0.72399999999999
