"sim","censoring","n","perc_censored","alpha_fc","beta_fc","gamma_fc","alpha_extrap","beta_extrap","gamma_extrap","se_alpha_extrap","se_beta_extrap","se_gamma_extrap","alpha_extrap_no","beta_extrap_no","gamma_extrap_no","se_alpha_extrap_no","se_beta_extrap_no","se_gamma_extrap_no","time_extrap","time_extrap_no"
"11434-1","light",500,0.102,0.898791245832165,0.801701730289792,0.388424674162214,0.882309195058355,0.879000198030082,0.388106563626172,0.0949727451146179,0.205985354820424,0.121481378055166,0.882573460955359,0.882131354618233,0.386509341215002,0.09702378382064,0.204430220608472,0.120003176142618,4.492,0.671999999999997
"11434-2","light",500,0.138,0.98516276194204,0.453055748165977,0.306111140161461,0.991861145864976,0.447889026852297,0.297069979840421,0.105019384424045,0.185121721933336,0.124649668220368,0.996972936074718,0.457912772387717,0.286967611885214,0.102908936710616,0.180526917092393,0.122097990930617,5.559,0.786999999999999
"11434-3","light",500,0.126,1.01718810636825,0.598648935046156,0.340785246527605,0.968207677589952,0.771227888166644,0.347176474388788,0.101751566485886,0.17548644443086,0.118106153399376,0.968086229318503,0.782512208094795,0.347147285954738,0.103044941268031,0.179530561370396,0.11993922861315,4.191,0.760000000000002
"11434-4","light",500,0.112,0.93881623900242,0.485656862787404,0.314059865729996,0.958940501538325,0.447571819217535,0.302616101410968,0.0938039224998841,0.1432177191842,0.129507055087561,0.939378903065768,0.521077644451393,0.30052166601201,0.0949546948406709,0.147383849173578,0.127611529536462,4.321,0.833999999999996
"11434-5","light",500,0.134,1.04162091497735,0.418261731883193,0.231662094658647,1.06184579345996,0.338842291346775,0.243874974849547,0.104466316590053,0.192418394354361,0.131064972377766,1.06636134340408,0.343472229683276,0.245304036100858,0.105134330880022,0.201516048400951,0.129601263274456,4.705,0.886999999999993
