"sim","censoring","n","perc_censored","alpha_fc","beta_fc","gamma_fc","alpha_extrap","beta_extrap","gamma_extrap","se_alpha_extrap","se_beta_extrap","se_gamma_extrap","alpha_extrap_no","beta_extrap_no","gamma_extrap_no","se_alpha_extrap_no","se_beta_extrap_no","se_gamma_extrap_no","time_extrap","time_extrap_no"
"11422-1","light",500,0.136,0.98874535831891,0.616836174602918,0.247073728134207,0.988346776839117,0.592544673110701,0.253443965989794,0.0982042249063785,0.154149136944271,0.121540928040086,0.982034792073994,0.624269127179656,0.255018322097367,0.101037083329803,0.164575861171888,0.12584686224096,7.91,1.036
"11422-2","light",500,0.126,1.01765132341704,0.462749801884184,0.303224526219725,1.0279772218652,0.433161697532573,0.298138276402038,0.0935150627860243,0.172531774836015,0.129903387422227,1.01871977583436,0.409812945744943,0.320667447925705,0.0993427738727948,0.159857056330522,0.124735456767802,5.715,0.913000000000004
"11422-3","light",500,0.102,1.05653457847524,0.326487252226539,0.249513106752042,1.07953535122271,0.25570660046767,0.242393336842124,0.104339789642357,0.174154327119139,0.132280662154481,1.07974867056693,0.273146851578252,0.238515797463045,0.102487967926851,0.176017301689579,0.126981510274373,5.21599999999999,1.09
"11422-4","light",500,0.114,0.872958885342725,0.625968252722015,0.412298658426578,0.868848259604112,0.66022950849155,0.401000131501553,0.106067131123574,0.217628355094265,0.126717026579811,0.862818451648621,0.683487840978767,0.403647616623333,0.10747729154821,0.21844771672313,0.132205602182291,6.152,1.267
"11422-5","light",500,0.124,0.987793341004509,0.640694981108824,0.306737509160563,0.964149366267068,0.762624866439617,0.302294602579163,0.0987978345112374,0.211067108620804,0.122914554394305,0.965656735133082,0.77066431689019,0.298444656042582,0.0980187472388946,0.204648587651205,0.126560417054093,6.10599999999999,1.145
