"sim","censoring","n","perc_censored","alpha_fc","beta_fc","gamma_fc","alpha_extrap","beta_extrap","gamma_extrap","se_alpha_extrap","se_beta_extrap","se_gamma_extrap","alpha_extrap_no","beta_extrap_no","gamma_extrap_no","se_alpha_extrap_no","se_beta_extrap_no","se_gamma_extrap_no","time_extrap","time_extrap_no"
"11426-1","light",100,0.09,0.911655140602953,0.551266614636347,0.285568994971154,0.911750165679883,0.557476031592825,0.289318468969665,0.213571366176132,0.451002444865547,0.269942005170307,0.918888315694251,0.557557970337496,0.267395281283616,0.210856194686371,0.480639986239473,0.269196557473007,0.749,0.526999999999999
"11426-2","light",100,0.09,0.718800217352331,0.585834112206524,0.596254321330282,0.702443972019992,0.659188723918307,0.590267074605486,0.24704068266158,0.454404199189499,0.283686702971606,0.689703315106021,0.683680777125275,0.591012217303585,0.246303737612404,0.471278810464137,0.290738201498933,0.721,0.504
"11426-3","light",100,0.13,0.985642261445509,0.335105961374569,0.277657138386348,1.00361474427004,0.263453657123443,0.282651857737789,0.220394551468497,0.361452366979761,0.30261849112358,0.993009831887176,0.32584402265768,0.262796766068767,0.22492351208564,0.419862571636413,0.29495547505522,0.965999999999999,0.504
"11426-4","light",100,0.22,1.27111561353995,0.415205138606395,0.105100351318085,1.32270583503678,0.307925648557579,0.0859967563125088,0.230138121473922,0.402786990845899,0.279844560452886,1.31544126021279,0.345162672229925,0.091078649055097,0.230785221904871,0.435447786151029,0.27383053909489,1.005,0.506
"11426-5","light",100,0.13,0.954698036420549,0.2819044062828,0.224304785114318,0.947176448706217,0.297316552425674,0.224007536635233,0.25559711360167,0.46353786177374,0.313788067290567,0.958213338913501,0.303976714021641,0.208951206798197,0.249733954981252,0.460137621720205,0.306185302408799,0.794,0.510999999999999
