"sim","censoring","n","perc_censored","alpha_fc","beta_fc","gamma_fc","alpha_extrap","beta_extrap","gamma_extrap","se_alpha_extrap","se_beta_extrap","se_gamma_extrap","alpha_extrap_no","beta_extrap_no","gamma_extrap_no","se_alpha_extrap_no","se_beta_extrap_no","se_gamma_extrap_no","time_extrap","time_extrap_no"
"11440-1","light",500,0.124,0.937420834059521,0.547145552761747,0.345299784500149,0.915644662508817,0.550911673620665,0.3458514235764,0.0985299307104019,0.126355399275774,0.130978317263413,0.901565817908714,0.625290714148741,0.347491546015969,0.104846374069402,0.143525305144425,0.131902711262605,7.198,1.072
"11440-2","light",500,0.128,0.867769562537543,0.660888178186539,0.251228971432889,0.875304362127741,0.616385518654061,0.252112968752288,0.104051867957999,0.170604859197806,0.127449806308724,0.866839112587197,0.644521647021232,0.25591798875153,0.103641664427032,0.174015547917596,0.127811565943348,8.118,1.275
"11440-3","light",500,0.118,0.91951508108815,0.520514152167305,0.35235769380944,0.92330662454222,0.480301799287374,0.347736440191846,0.0965637566123818,0.142089477422454,0.126005567580264,0.917174576991418,0.533838861484882,0.342068570038106,0.0979363560256664,0.158852409223697,0.126872807921746,6.47,1.187
"11440-4","light",500,0.138,0.967157449000165,0.526209079940961,0.302959260009966,0.983038897644878,0.470499360898347,0.292994749995994,0.0953137792888203,0.171165723508986,0.12450566553484,0.966383137213574,0.512681762893127,0.309180495374109,0.0983867368762728,0.190910275309549,0.126726867523854,7.67599999999999,1.049
"11440-5","light",500,0.12,1.03627303825813,0.382789809805817,0.158969676053124,1.02939502808907,0.386837191378682,0.16202838644941,0.103366378405689,0.186240606681786,0.128913991435622,1.03625590495954,0.385086845758081,0.158424950227476,0.103697679804332,0.192273050562472,0.129488864175866,5.699,1.14300000000001
