"sim","censoring","n","perc_censored","alpha_fc","beta_fc","gamma_fc","alpha_extrap","beta_extrap","gamma_extrap","se_alpha_extrap","se_beta_extrap","se_gamma_extrap","alpha_extrap_no","beta_extrap_no","gamma_extrap_no","se_alpha_extrap_no","se_beta_extrap_no","se_gamma_extrap_no","time_extrap","time_extrap_no"
"11424-1","light",500,0.132,1.01734929424722,0.514063881651872,0.21596144509728,1.01429152739184,0.512553071430318,0.221439717998807,0.101853184205127,0.158214094311312,0.125680960944224,1.00690457180382,0.526827891569788,0.226783578686032,0.0993093726974426,0.174926517173433,0.124049515450394,4.539,0.757000000000001
"11424-2","light",500,0.094,1.04778188673716,0.549697022828319,0.179289846055952,1.0774457742945,0.472304471159546,0.160161147496489,0.115069375406307,0.206541183603488,0.136303867270054,1.08069911362816,0.473750355661605,0.157631561275656,0.113375388889087,0.206937189024545,0.135686110604082,2.836,0.713000000000001
"11424-3","light",500,0.13,1.06480146317994,0.568958342720846,0.283718646135155,1.06181128516014,0.615369061193309,0.271069493303674,0.108896867848628,0.182540788543358,0.134067538608875,1.04726646560554,0.631001184394294,0.284613312960371,0.104589425199376,0.17998220059745,0.130501775519211,5.782,0.718
"11424-4","light",500,0.126,0.941817864172641,0.522271601150838,0.323330181805336,0.928075464502154,0.55515783853773,0.324160312924779,0.105496694847177,0.187211707531048,0.119360691285978,0.941003419618953,0.532076094720724,0.319282613715323,0.101768457316609,0.186491711039712,0.116984898987103,5.351,0.717999999999996
"11424-5","light",500,0.118,0.968793628626146,0.544645710041872,0.142930605399738,0.970283199690926,0.495792273894078,0.143612244605846,0.104728677166238,0.174822297084476,0.127774448705508,0.976827372582443,0.523514847942269,0.134157748629793,0.103064878641512,0.174345587395446,0.129856815450378,5.355,0.710999999999999
