"sim","censoring","n","perc_censored","alpha_fc","beta_fc","gamma_fc","alpha_extrap","beta_extrap","gamma_extrap","se_alpha_extrap","se_beta_extrap","se_gamma_extrap","alpha_extrap_no","beta_extrap_no","gamma_extrap_no","se_alpha_extrap_no","se_beta_extrap_no","se_gamma_extrap_no","time_extrap","time_extrap_no"
"11428-1","light",100,0.11,1.02307221559242,0.72570134170184,0.203348975757752,1.0315300084174,0.725537901012908,0.204442850814908,0.214331062286289,0.704833026244449,0.304850607298844,1.03417136963213,0.719490671061691,0.219612336435184,0.219236032740041,0.728920106280495,0.303605803223447,0.778999999999999,0.523
"11428-2","light",100,0.13,1.25820273882207,0.65881436444436,0.0234511798335756,1.26349646242808,0.625741989813425,0.0241985446464636,0.225884749313496,0.462693119430452,0.262685229268841,1.27801082883909,0.65196449483054,0.0152683884787553,0.224124210607936,0.473237030029635,0.259785625537205,0.862,0.5
"11428-3","light",100,0.11,1.07874066012667,0.473676445672158,0.266912394417613,1.04506485988146,0.556678717555201,0.298303168650905,0.227538774181636,0.362632340104005,0.26856675792903,1.03585934756622,0.611848431782601,0.283160207258465,0.229365722554454,0.406828196395947,0.268271762069106,0.869999999999999,0.502000000000001
"11428-4","light",100,0.15,0.766875243903813,0.788724257441598,0.226140165464708,0.741968236788334,0.746962304880293,0.218408962656291,0.1986470475245,0.295501690495479,0.26817667702276,0.689816987774684,0.841046344652819,0.259644867541502,0.204793871289452,0.284043049318389,0.268017641469533,0.903,0.504000000000001
"11428-5","light",100,0.13,0.856778285919196,0.500042991930911,0.467506580975603,0.784533193127577,0.678704351130332,0.537582191127703,0.232236513869343,0.34203574062306,0.276256128718281,0.78674548615516,0.691125171127163,0.537362546541509,0.233851814641631,0.354023941323326,0.276630747286296,0.878,0.51
