"sim","censoring","n","perc_censored","alpha_fc","beta_fc","gamma_fc","alpha_extrap","beta_extrap","gamma_extrap","se_alpha_extrap","se_beta_extrap","se_gamma_extrap","alpha_extrap_no","beta_extrap_no","gamma_extrap_no","se_alpha_extrap_no","se_beta_extrap_no","se_gamma_extrap_no","time_extrap","time_extrap_no"
"11426-1","light",500,0.128,1.10881108606728,0.524163269995723,0.132290456905676,1.11744052356203,0.472201366628516,0.122693002035501,0.105478639373362,0.158619526357624,0.131496782068518,1.12227971545566,0.498926258976314,0.109264184039932,0.107225613946505,0.166601882810829,0.135904768224367,4.743,0.631999999999998
"11426-2","light",500,0.13,1.0873798807745,0.445401026198205,0.139255002576086,1.0923911657792,0.395883536784678,0.13824777969446,0.104024349206492,0.154546952861129,0.130605120094237,1.09373803674821,0.410389237737396,0.134903096711411,0.102711748183376,0.167309173775645,0.12506185453184,5.258,0.625999999999998
"11426-3","light",500,0.112,0.949359050998042,0.60800906765207,0.343233344570246,0.944027269558158,0.604372018854755,0.357999477061178,0.10537040499006,0.161897243260537,0.128650082170839,0.942930745024267,0.638807525841239,0.345466093810496,0.107946903882312,0.165495275071987,0.131596937577462,3.649,0.628
"11426-4","light",500,0.102,1.04825706374897,0.500790793354369,0.340402994560276,1.04835852993911,0.478465704976832,0.356029425674281,0.0987025622759564,0.169574602073455,0.120332680687069,1.04945317765215,0.512931293150534,0.342674210520717,0.096241171988375,0.195212927178812,0.116710732991697,3.606,0.631
"11426-5","light",500,0.14,1.08055616616526,0.456340266141199,0.145281868489824,1.08392018542033,0.433923423338617,0.151579611335161,0.107244589642285,0.178761666136932,0.127021660023132,1.08760856457296,0.440850036941689,0.149661468865955,0.107120024985496,0.181244916105538,0.128205906167913,3.902,0.637
