"sim","censoring","n","perc_censored","alpha_fc","beta_fc","gamma_fc","alpha_extrap","beta_extrap","gamma_extrap","se_alpha_extrap","se_beta_extrap","se_gamma_extrap","alpha_extrap_no","beta_extrap_no","gamma_extrap_no","se_alpha_extrap_no","se_beta_extrap_no","se_gamma_extrap_no","time_extrap","time_extrap_no"
"11432-1","light",2000,0.118,1.01650572279281,0.49927146105925,0.252260483921975,1.01792987825004,0.508113823221363,0.248113946048227,0.0504206422051029,0.0943575672439811,0.0611620144227963,1.0154612542489,0.510673538320251,0.251231673731163,0.0508506835830546,0.0931171674123985,0.0617217570074651,27.334,1.355
"11432-2","light",2000,0.1165,1.00217968057892,0.478762094489658,0.243227943092791,1.00852932333043,0.465171325037791,0.24447927872119,0.0508513091622627,0.082111053338331,0.0644583772299005,1.00207143352757,0.474967507272448,0.248001435271446,0.0505062405065379,0.082268733261049,0.0620334240715354,34.446,1.53400000000001
"11432-3","light",2000,0.1185,1.12003910501051,0.35631870004061,0.194557519131463,1.1106595395754,0.381055553989585,0.199150687560842,0.0520630183472259,0.0909944688497198,0.0630948845066333,1.11045042003747,0.393309348517264,0.197355100672611,0.0521792505489307,0.0949377047301169,0.0643673435724332,27.746,1.339
"11432-4","light",2000,0.111,0.967348269914707,0.517751366016746,0.26979026754971,0.966049676883869,0.512972103424169,0.274689577150951,0.0489524748938539,0.0802387501919147,0.0642828588811658,0.966299404451566,0.522214046395882,0.270512987825687,0.0498155790539627,0.0832519425845378,0.061298189632159,31.622,1.75399999999999
"11432-5","light",2000,0.1305,1.02749295499653,0.453213535465049,0.24994021325975,1.03262373232604,0.424000589706488,0.251033521382273,0.052474432618619,0.0821924231771381,0.0647797491496742,1.03149124980704,0.429846024480173,0.253344468856826,0.0556832912990396,0.0857277851222846,0.0652400927010286,40.572,1.82500000000002
