"sim","censoring","n","perc_censored","alpha_fc","beta_fc","gamma_fc","alpha_extrap","beta_extrap","gamma_extrap","se_alpha_extrap","se_beta_extrap","se_gamma_extrap","alpha_extrap_no","beta_extrap_no","gamma_extrap_no","se_alpha_extrap_no","se_beta_extrap_no","se_gamma_extrap_no","time_extrap","time_extrap_no"
"11439-1","light",500,0.134,1.01795805010618,0.428336433819505,0.243722072814015,1.02672659728064,0.430062311403317,0.240199829001604,0.101849611733625,0.191273150426664,0.128763825252786,1.02382887810481,0.445590808620157,0.237562272584079,0.102818354048326,0.212392068669725,0.127333216284872,4.508,0.719000000000001
"11439-2","light",500,0.136,1.06347935852192,0.523159311753521,0.065490561284384,1.04662742991252,0.590784131545536,0.0679799469312997,0.103839008137397,0.186109980158732,0.128859687127844,1.04521315310456,0.607648566351606,0.0674523627911115,0.107078426148771,0.198232194665903,0.128834164008539,5.042,0.98
"11439-3","light",500,0.134,1.01096178010729,0.503265797645923,0.216809767322913,1.03728648915663,0.414645498752875,0.210563941354848,0.106704822182173,0.161957372516184,0.130127288477184,1.04312240918608,0.435370463496815,0.20551728401423,0.107078494094817,0.162192250889983,0.12964024486685,6.474,1.055
"11439-4","light",500,0.128,0.897828336425021,0.612538893814481,0.225557947951818,0.912735088052521,0.526257250312747,0.237854551948261,0.111352773116191,0.183191878813157,0.13236658989201,0.912097398342179,0.560227007065153,0.225462717451114,0.111540941023352,0.189605068999111,0.134225295492897,6.956,0.836999999999996
"11439-5","light",500,0.132,1.10293924657639,0.28830849518172,0.203174458765938,1.08336161095307,0.318017559325022,0.204103234602798,0.0985773667205022,0.128454214737331,0.121088285285981,1.07712575241479,0.347554372295717,0.200761224724091,0.0978568944582525,0.13745706353924,0.121288825827236,5.245,0.730000000000004
