"sim","censoring","n","perc_censored","alpha_fc","beta_fc","gamma_fc","alpha_extrap","beta_extrap","gamma_extrap","se_alpha_extrap","se_beta_extrap","se_gamma_extrap","alpha_extrap_no","beta_extrap_no","gamma_extrap_no","se_alpha_extrap_no","se_beta_extrap_no","se_gamma_extrap_no","time_extrap","time_extrap_no"
"11439-1","light",2000,0.1145,0.980663913243007,0.507560319019908,0.242712557989138,1.01000902956845,0.40038261304171,0.235003397760249,0.0507048213594113,0.0761381237545459,0.0627931709277191,1.00796416257172,0.420607225159119,0.233095228278104,0.0508236588819524,0.0835139096971436,0.0632372448880296,33.432,2.17699999999999
"11439-2","light",2000,0.1315,1.02333237141299,0.442318891425974,0.212786810388706,1.03109303913364,0.401344120033738,0.221653546935323,0.0524353944050348,0.0836867225046142,0.064245265236671,1.02939993943618,0.417670469914309,0.213971856712078,0.0548223376789781,0.0849504728999796,0.0673988371508218,42.238,2.28300000000002
"11439-3","light",2000,0.1225,1.06831359290159,0.481723625745807,0.199271655505178,1.05794133605444,0.513233826109223,0.204000343962162,0.0529206848133036,0.0877838123240685,0.0656709745524636,1.05899362310354,0.520681978504828,0.197136879540984,0.0534103821239413,0.0881123721739949,0.0650357137355839,34.307,2.131
"11439-4","light",2000,0.1265,1.03575926317124,0.522903923081479,0.199662892199976,1.04340005771719,0.502125592636734,0.202033993784489,0.0511656968890316,0.0915805463694923,0.0615070339390284,1.04450531668005,0.515273348075987,0.195270217788449,0.0526430653598254,0.0989286876597561,0.0637709705928315,41.141,1.923
"11439-5","light",2000,0.1285,1.03245671278959,0.534810941437879,0.186157768327171,1.03142446083869,0.518188334894172,0.195317293593622,0.0507668719000468,0.0841286333431637,0.0639899680773094,1.03249851719534,0.528743039018886,0.192755940544737,0.0509618166036094,0.0839237948203131,0.0624365637352143,50.945,2.28100000000001
