"sim","censoring","n","perc_censored","alpha_fc","beta_fc","gamma_fc","alpha_extrap","beta_extrap","gamma_extrap","se_alpha_extrap","se_beta_extrap","se_gamma_extrap","alpha_extrap_no","beta_extrap_no","gamma_extrap_no","se_alpha_extrap_no","se_beta_extrap_no","se_gamma_extrap_no","time_extrap","time_extrap_no"
"11430-1","light",2000,0.1265,1.02113316215656,0.426078447483852,0.272252723197669,NA,NA,NA,NA,NA,NA,NA,NA,NA,NA,NA,NA,0.0640000000000001,0.0769999999999982
"11430-2","light",2000,0.1205,1.06396391921276,0.52571154532337,0.184041485114725,1.06163499426279,0.522344446404846,0.198231542249457,0.0516460586692062,0.0919345991596353,0.063178965196236,1.0626169081324,0.524178076306519,0.192420646430192,0.0541398052525098,0.0950050883864329,0.0649895270996693,31.558,1.916
"11430-3","light",2000,0.1245,0.972862881356052,0.553834890696238,0.263972605878553,0.985854584518352,0.523756103873975,0.257441752338457,0.0530730163785975,0.0855298377162904,0.0635450220519222,0.986108675997666,0.528494529371059,0.257338209727377,0.0510356536038551,0.0842733437825901,0.0654187707622236,34.158,2.209
"11430-4","light",2000,0.134,0.961155998149188,0.464597166835995,0.274251702518291,0.948748635399539,0.500132260470561,0.278898546726568,0.0546767694464205,0.0955806616117509,0.063580009288881,0.949507678800251,0.49346728019355,0.277692915407596,0.0530634260691978,0.0960691968722933,0.0635429936327197,34.553,2.018
"11430-5","light",2000,0.1185,1.00463962672852,0.430945663395352,0.274423252693612,0.991399779107518,0.479435185744579,0.272431088923456,0.0528408917963124,0.0871673766809852,0.0643541833619464,0.990919426753326,0.481027712000665,0.273062696595975,0.0541670321933823,0.0889612701016683,0.0638250883718967,31.158,1.411
