"sim","censoring","n","perc_censored","alpha_fc","beta_fc","gamma_fc","alpha_extrap","beta_extrap","gamma_extrap","se_alpha_extrap","se_beta_extrap","se_gamma_extrap","alpha_extrap_no","beta_extrap_no","gamma_extrap_no","se_alpha_extrap_no","se_beta_extrap_no","se_gamma_extrap_no","time_extrap","time_extrap_no"
"11433-1","light",500,0.13,1.01965835408093,0.397578587558778,0.176016906905834,1.02141178659454,0.428907044395307,0.15788095375868,0.0961033350718275,0.146341283114751,0.117736463960548,1.01685379653455,0.464819956407458,0.152731829522293,0.0963140894798613,0.15986247562343,0.116623596120504,5.371,0.757000000000001
"11433-2","light",500,0.132,1.03201532373192,0.62571849754249,0.239002064987226,1.0475126446939,0.505010009799167,0.256661456100805,0.091775287789013,0.141297314486208,0.123285113009214,1.03770011737702,0.513380765104678,0.272347543876024,0.0918956409851008,0.143155891406093,0.126654224063215,5.632,0.821999999999999
"11433-3","light",500,0.134,0.977147000441252,0.504303793123728,0.260526553583239,0.960126166497012,0.532640087121644,0.262893579017084,0.101350289327553,0.166668271537811,0.130706695476178,0.962598521216979,0.529694469426799,0.272106188623596,0.102733625773168,0.172225849952709,0.134443307835113,6.469,0.670999999999999
"11433-4","light",500,0.15,1.02474560346758,0.719788496173065,0.200125412120329,1.03854366332798,0.699158399864565,0.180676550437022,0.108182922369244,0.164208890894621,0.132070350466257,1.0231880611862,0.75955462609908,0.18513877728469,0.111851952944588,0.178666462486175,0.136176798446535,6.215,0.824999999999996
"11433-5","light",500,0.14,0.902433454757641,0.540751163289049,0.348012126214855,0.881852368387603,0.596814790825407,0.348509955378301,0.107487874086919,0.179043638978023,0.125253918648955,0.86680538775783,0.64051214850611,0.349131593827963,0.106346164120571,0.174962034690731,0.126268906678748,6.196,0.668999999999997
