"sim","censoring","n","perc_censored","alpha_fc","beta_fc","gamma_fc","alpha_extrap","beta_extrap","gamma_extrap","se_alpha_extrap","se_beta_extrap","se_gamma_extrap","alpha_extrap_no","beta_extrap_no","gamma_extrap_no","se_alpha_extrap_no","se_beta_extrap_no","se_gamma_extrap_no","time_extrap","time_extrap_no"
"11428-1","light",500,0.148,0.898834268603428,0.433568716319595,0.406561861223687,0.910065462813856,0.399710379164722,0.410133198907133,0.101326238460635,0.164710357595322,0.123231639807811,0.908897461033424,0.408138550467091,0.410707778506642,0.10247119196212,0.171339736907621,0.123797503562217,4.696,0.629999999999999
"11428-2","light",500,0.116,0.977412084816204,0.298091302898952,0.346815962917518,0.975892328398985,0.273813423395483,0.35385741008609,0.0997717265082321,0.196467292648221,0.121574502092802,0.985696271026518,0.259655956389736,0.346648795266341,0.0970732434165148,0.198141687916174,0.120169923672209,4.013,0.627000000000002
"11428-3","light",500,0.146,0.989630042685533,0.683984699412469,0.298712728489534,1.00287518269303,0.641836197567569,0.290776539011302,0.102370461048064,0.202063316728811,0.132124234209428,0.984653278718859,0.713795692210695,0.291807942684576,0.105851985536229,0.205288497978487,0.130748009408829,4.833,0.629999999999999
"11428-4","light",500,0.124,1.00617334641838,0.465041593661004,0.295476044242203,1.02514088731149,0.412993914431978,0.297969427352298,0.106594885649859,0.174033470668535,0.132065375391364,1.02429794700144,0.422336349269757,0.293942902831138,0.101856656893179,0.178236098157484,0.130218464645959,4.262,0.621000000000002
"11428-5","light",500,0.13,0.891166302256863,0.524172066016774,0.311956684287473,0.884281666665643,0.557207738282198,0.305953889021208,0.100981362499626,0.164429393640937,0.131680890408643,0.883650843625462,0.560761788415233,0.310733828701835,0.0980805934115513,0.175238384915185,0.121685185825284,4.901,0.623000000000005
