"sim","censoring","n","perc_censored","alpha_fc","beta_fc","gamma_fc","alpha_extrap","beta_extrap","gamma_extrap","se_alpha_extrap","se_beta_extrap","se_gamma_extrap","alpha_extrap_no","beta_extrap_no","gamma_extrap_no","se_alpha_extrap_no","se_beta_extrap_no","se_gamma_extrap_no","time_extrap","time_extrap_no"
"11430-1","light",500,0.148,1.00196295924689,0.454756027386187,0.278549886161235,1.03450822144089,0.364716779824865,0.266508405201925,0.105894851279491,0.168137571634575,0.123766668013511,1.02622861887711,0.382696823438752,0.28150525320496,0.108677558428486,0.166803246724824,0.127251556255296,7.102,0.820999999999998
"11430-2","light",500,0.132,1.04822325669778,0.46879995367755,0.153586038538039,1.05087183896109,0.483627672617525,0.144484446851134,0.106363325664549,0.174316075213793,0.13092787040378,1.05050306067794,0.503533535639045,0.140975742407368,0.107465746752762,0.183862129700492,0.127383706058044,5.43,0.824999999999999
"11430-3","light",500,0.114,1.00717441921513,0.642115409015949,0.122301064968131,1.01615939174274,0.634135149626325,0.120012073961374,0.104512140051647,0.20513314356772,0.13012970490554,0.994547711302632,0.699536888879507,0.132147364441877,0.108518549367084,0.214288601564232,0.12887697731902,4.334,0.712999999999994
"11430-4","light",500,0.112,1.03542672092215,0.512667931282592,0.217803154427437,0.991088377156295,0.642765256647858,0.235135534644854,0.0996995282318554,0.17874095937506,0.118136233001066,0.988555205088818,0.667878171107218,0.231930275472625,0.10267722209609,0.182388827576086,0.11885609028431,4.751,0.673000000000002
"11430-5","light",500,0.126,1.04129961409067,0.413602873961248,0.251796233539989,1.03344837815459,0.415697272876311,0.258893016863874,0.101653575230579,0.152776830706325,0.13264988699066,1.04263007136391,0.439231368097061,0.235441216755889,0.0996260361935393,0.164530616834677,0.131943850303996,5.164,0.757999999999996
