"sim","censoring","n","perc_censored","alpha_fc","beta_fc","gamma_fc","alpha_extrap","beta_extrap","gamma_extrap","se_alpha_extrap","se_beta_extrap","se_gamma_extrap","alpha_extrap_no","beta_extrap_no","gamma_extrap_no","se_alpha_extrap_no","se_beta_extrap_no","se_gamma_extrap_no","time_extrap","time_extrap_no"
"11432-1","light",500,0.122,0.941801898067272,0.568869088368634,0.319812101154563,0.952297445902774,0.541919246818672,0.304335442750669,0.103065753374434,0.191793317149003,0.126194727418254,0.950430892918224,0.572678988681529,0.302828414823845,0.104573326844435,0.203640936297206,0.128827938876249,5.585,0.722999999999999
"11432-2","light",500,0.128,1.08329160011653,0.468097852773349,0.178628087073619,1.08128348581829,0.482786719128198,0.179545998673531,0.107211760601017,0.159941987104045,0.126327158474767,1.07761589681196,0.500579610696399,0.18067373515344,0.110531408679311,0.1670798045726,0.127493303488766,5.56,0.840999999999998
"11432-3","light",500,0.14,1.01511326103958,0.456792264561689,0.295224688425449,0.993488941530167,0.528851108222411,0.308554230371214,0.105710355085034,0.169298349128479,0.126623337076741,0.987333693608078,0.556872848425856,0.307342727234939,0.109384379417322,0.179495840648319,0.12622367111999,5.612,0.685000000000002
"11432-4","light",500,0.128,1.03518978862007,0.374058085244232,0.217009900218086,1.05883278793444,0.294315140152476,0.209885719871513,0.107475815155082,0.192274118377104,0.130285486053492,1.06536520072159,0.30043526870102,0.206018210522557,0.10626309563195,0.194359783529299,0.12569826126525,5.373,0.740000000000002
"11432-5","light",500,0.142,0.943182324873095,0.521683717065281,0.272875114432287,0.947773411177548,0.520763259060736,0.26687294371416,0.107830779679864,0.184049923181659,0.126250780042752,0.937709249261247,0.5588551856923,0.266090535019471,0.108098642170981,0.181493717278562,0.128572671700061,6.906,0.774999999999999
