"sim","censoring","n","perc_censored","alpha_fc","beta_fc","gamma_fc","alpha_extrap","beta_extrap","gamma_extrap","se_alpha_extrap","se_beta_extrap","se_gamma_extrap","alpha_extrap_no","beta_extrap_no","gamma_extrap_no","se_alpha_extrap_no","se_beta_extrap_no","se_gamma_extrap_no","time_extrap","time_extrap_no"
"11436-1","light",100,0.07,1.26590170677783,0.315613959425129,0.194059784419676,1.28070553515816,0.243739640976229,0.201873145567706,0.247666238726571,0.371304482068301,0.316302372129588,1.27816799457999,0.248551907103898,0.199372788516657,0.254042327555111,0.427249023335578,0.315347735777022,0.953,0.721
"11436-2","light",100,0.08,1.02343889467047,0.310790895015937,0.178142234551027,1.01991404351979,0.301312515297948,0.185579165473764,0.185299604944217,0.263864273188295,0.25571474124829,1.01759469380074,0.361826879945229,0.178178824987763,0.18534737934034,0.308018326499116,0.255644366731131,1.132,0.747
"11436-3","light",100,0.15,1.40221860466542,-0.0824125349766735,0.0538226541337131,1.44068236280913,-0.175834311253885,0.0437330644311914,0.242768734038924,0.465559959993932,0.29819756038973,1.41351715341258,-0.157212561027105,0.075779629748508,0.247748210768784,0.506287083612189,0.294940677788762,1.434,0.754999999999999
"11436-4","light",100,0.08,0.637638610507577,0.445332842872801,0.687000926556336,0.645957005858366,0.422825804041045,0.662962328628472,0.223840391598662,0.302627799201171,0.281355701994986,0.632057286926776,0.469751368299588,0.678279204561392,0.218048447071246,0.320409409828947,0.270502544296762,1.203,0.798999999999999
"11436-5","light",100,0.16,1.12890527830843,0.438502991704376,0.110935684730659,1.10173983478455,0.452094846281222,0.132263779417323,0.251436111645731,0.300172192603145,0.305803222679881,1.12094705763529,0.492948305666908,0.10616102764422,0.244427741201286,0.338338498487719,0.29440342041299,1.401,0.754000000000001
