"sim","censoring","n","perc_censored","alpha_fc","beta_fc","gamma_fc","alpha_extrap","beta_extrap","gamma_extrap","se_alpha_extrap","se_beta_extrap","se_gamma_extrap","alpha_extrap_no","beta_extrap_no","gamma_extrap_no","se_alpha_extrap_no","se_beta_extrap_no","se_gamma_extrap_no","time_extrap","time_extrap_no"
"11433-1","light",2000,0.1245,1.02664840058554,0.592064892418581,0.189905843342455,1.01593527457779,0.618270072826456,0.191404432608519,0.0487959329117488,0.0836772557571064,0.0613295781252328,1.00769734797743,0.641724404786689,0.192805002125367,0.0488437788267569,0.0846508716640294,0.0625573617203881,43.428,1.819
"11433-2","light",2000,0.129,1.01801546739422,0.559370041487769,0.220654078005416,1.01935933833227,0.542027001744619,0.228191484098764,0.0541109695060286,0.087024946693615,0.0637869373295374,1.02308365238253,0.547633867359712,0.218876112791142,0.055012638161833,0.091770490598893,0.0634773074089593,39.046,1.363
"11433-3","light",2000,0.122,1.00479579043901,0.558740725328199,0.240178737106669,1.01496173307826,0.514649649945598,0.242976522785554,0.0535938949065232,0.0853111254471385,0.0631291878790387,1.01207584110296,0.533830622580441,0.240383246880562,0.0514179561754047,0.0860981768522563,0.0608834348020092,39.946,1.41200000000001
"11433-4","light",2000,0.1295,0.922455736967758,0.525734637618569,0.307265603263841,0.921329684360853,0.517608254255945,0.311038452192766,0.0508406031782553,0.0868993447241233,0.06137394925089,0.918473063716539,0.525412973547808,0.311880512025751,0.0534243072114226,0.0895008346425556,0.063549048525078,29.421,1.87100000000001
"11433-5","light",2000,0.1125,0.972979931610053,0.47256703278151,0.318712587186253,0.977228873099409,0.460883004649515,0.319049684054202,0.0529161172457175,0.0883708712688392,0.0649079859823694,0.978593105595151,0.464312271945871,0.319847918752253,0.0502843295388714,0.0859182134520334,0.0636560020460922,33.975,1.36199999999999
