"sim","censoring","n","perc_censored","alpha_fc","beta_fc","gamma_fc","alpha_extrap","beta_extrap","gamma_extrap","se_alpha_extrap","se_beta_extrap","se_gamma_extrap","alpha_extrap_no","beta_extrap_no","gamma_extrap_no","se_alpha_extrap_no","se_beta_extrap_no","se_gamma_extrap_no","time_extrap","time_extrap_no"
"11438-1","light",100,0.19,0.986050390544881,0.6127532658366,0.25511456161519,1.04058229462179,0.473630846402845,0.220244403460208,0.243549899029186,0.300533260109091,0.283733994608592,1.07820954361493,0.410424021227752,0.168794789207369,0.238441059821713,0.293283394854832,0.27906209148086,1.607,0.801
"11438-2","light",100,0.1,1.3006480473672,0.064034950706187,0.265237598226268,1.26167084648791,0.203022135995875,0.253907095192071,0.274113722452992,0.52093292288163,0.336989513324899,1.27692773290919,0.168020801519995,0.252634318459817,0.286260083657156,0.564825696184866,0.331180280124642,1.139,0.702
"11438-3","light",100,0.12,0.954665499018642,0.236009784576066,0.374601947741699,0.901321650572685,0.440719152471517,0.34280312228872,0.234591877964554,0.366802487378102,0.289912463605362,0.899196620878669,0.435093109989289,0.365271216388451,0.230474276767168,0.386361227608268,0.279960193279818,1.227,0.785
"11438-4","light",100,0.09,0.998346382643187,0.32530348368449,0.218647774364436,0.982586155847459,0.384420612917449,0.214711078644207,0.236896350953303,0.456910443561537,0.303273735400685,0.977553388375986,0.38681392101859,0.211042794168605,0.242035366541612,0.460775905768255,0.293833788598467,1.055,0.738
"11438-5","light",100,0.12,1.06564052037317,0.469245114268075,0.128886840318159,1.05979150217244,0.527408432575545,0.122274686371318,0.205262543596666,0.429792094077055,0.28854706717055,1.04760239043525,0.534868902638858,0.14379017698578,0.21010976968971,0.426966319352945,0.286122437917455,0.914000000000001,0.775000000000002
