"sim","censoring","n","perc_censored","alpha_fc","beta_fc","gamma_fc","alpha_extrap","beta_extrap","gamma_extrap","se_alpha_extrap","se_beta_extrap","se_gamma_extrap","alpha_extrap_no","beta_extrap_no","gamma_extrap_no","se_alpha_extrap_no","se_beta_extrap_no","se_gamma_extrap_no","time_extrap","time_extrap_no"
"11423-1","light",2000,0.105,1.00968367481857,0.568371660793674,0.190872641837574,1.01295391470207,0.557965562144022,0.191710353527038,0.0511264558495799,0.0902911668157078,0.0620577933679587,1.01054895345347,0.574347290853576,0.18994046083318,0.0498097245732821,0.0896077519202295,0.0626217657735289,20.192,1.443
"11423-2","light",2000,0.1205,0.969276341978263,0.562709475668337,0.233723517027806,0.976330215818017,0.538094735172113,0.237484464194588,0.052783949481713,0.0905813189926517,0.0657617577297376,0.977748016479445,0.538436854171341,0.233427175134067,0.0532266931251282,0.0937421034434662,0.0652561256347329,30.693,1.48700000000001
"11423-3","light",2000,0.124,0.969043008481979,0.432872403312602,0.217840191413823,0.972338346153483,0.410804619125017,0.217170148562025,0.050069827424156,0.0860854306823491,0.0625419662369017,0.97181912605539,0.410919518368682,0.221914544029977,0.0507461754080332,0.0883966948685855,0.0630462167682408,34.711,1.482
"11423-4","light",2000,0.1135,0.985760166484553,0.450671173322337,0.250890336499112,1.00328952800127,0.404828897840218,0.247799053666764,0.0534937532404992,0.086150127712269,0.0659686712527004,0.993533268171798,0.427416581968097,0.254092691956456,0.0546375460978444,0.088153488632203,0.068227597896187,26.255,1.506
"11423-5","light",2000,0.1195,0.980063027075496,0.42742113162078,0.276733188799625,0.97590655515288,0.427141611613856,0.279166523631344,0.0504982269602184,0.0874124900113217,0.0630349265970427,0.974941246847498,0.426484659697103,0.280784899763667,0.0513404823414747,0.089146840190853,0.0641989173806144,29.843,1.42099999999999
