"sim","censoring","n","perc_censored","alpha_fc","beta_fc","gamma_fc","alpha_extrap","beta_extrap","gamma_extrap","se_alpha_extrap","se_beta_extrap","se_gamma_extrap","alpha_extrap_no","beta_extrap_no","gamma_extrap_no","se_alpha_extrap_no","se_beta_extrap_no","se_gamma_extrap_no","time_extrap","time_extrap_no"
"11427-1","light",100,0.17,1.12226060756712,0.508542592600408,0.141099790956602,1.14875693735779,0.463284588615294,0.121576009919763,0.241415511942441,0.448222874540779,0.299941213828016,1.14692494593547,0.47973432689316,0.12337199717609,0.240965636970772,0.466008627705479,0.294236465005891,0.994,0.528
"11427-2","light",100,0.11,1.01347748638341,0.575144278756221,0.128757429584109,0.984876559006727,0.73239324525852,0.115999603777699,0.200985997327152,0.389730485405685,0.264975880401113,0.968066366645257,0.738121039090627,0.149004809604243,0.203214698065312,0.404268295990748,0.25807756900328,0.88,0.499
"11427-3","light",100,0.13,1.13038428412219,0.115663108146141,0.166577305402897,1.11311228067269,0.160008046937895,0.169786155712267,0.210705824469548,0.377664464872779,0.259829039038005,1.13258494353165,0.166699547880721,0.151757501001902,0.213151942782868,0.42642457357046,0.25979598865569,0.859000000000001,0.536999999999999
"11427-4","light",100,0.12,0.909701838594933,0.844345234456736,0.403757582258758,0.898693850209511,0.73602567835884,0.408593925793112,0.213233124137512,0.284642195718429,0.268322882122172,0.906019198408652,0.791810160504422,0.37903492675582,0.202452376815521,0.28521225092749,0.254087183003569,0.789,0.513
"11427-5","light",100,0.12,1.20245946721292,0.192394687550045,0.236933814639325,1.18807105012597,0.27341199970446,0.215112554181261,0.202982059224433,0.468862133621383,0.277122642312452,1.1983578774885,0.244588132072412,0.23038217213981,0.202518010674176,0.509621756109243,0.265135647000855,0.755000000000001,0.508000000000001
