"sim","censoring","n","perc_censored","alpha_fc","beta_fc","gamma_fc","alpha_extrap","beta_extrap","gamma_extrap","se_alpha_extrap","se_beta_extrap","se_gamma_extrap","alpha_extrap_no","beta_extrap_no","gamma_extrap_no","se_alpha_extrap_no","se_beta_extrap_no","se_gamma_extrap_no","time_extrap","time_extrap_no"
"11433-1","light",100,0.12,0.979133603514778,0.214465119978159,0.251734873453828,0.966017197381003,0.268866790739085,0.258673197241124,0.268532096775556,0.451387300224443,0.282571277735412,0.969227799165077,0.250098386098755,0.252161181036718,0.252835626838008,0.454475075041196,0.282339331418975,1.252,0.623
"11433-2","light",100,0.11,0.706815861714439,0.67748286681803,0.423235150703159,0.699014941958347,0.678612787450927,0.436541260773846,0.234404906909778,0.565551527713475,0.273100358757648,0.694624558752343,0.6760302867093,0.428966485820506,0.231356091220851,0.570049845739668,0.273159940240867,0.962,0.654
"11433-3","light",100,0.11,0.912007371667933,0.451167466921914,0.521637206097429,0.934742666257851,0.34351138580289,0.522929158886337,0.207071669101203,0.429831535795226,0.26232067721076,0.94657193058897,0.285418674612678,0.557531135092904,0.213180625560844,0.458646084185009,0.256938366580322,0.972,0.613
"11433-4","light",100,0.12,0.958126175703481,0.554254455810982,0.164252850639972,0.975105064755205,0.477575368130952,0.185336123134415,0.251945502582176,0.636416892721227,0.30606618822097,0.964782211155281,0.466387672716688,0.199119365065537,0.24241317191043,0.684586426591252,0.303772004433871,0.837,0.701000000000001
"11433-5","light",100,0.09,1.01158416942697,0.384710836943763,0.364908241428454,1.01317338234295,0.383219314531756,0.343177981108085,0.201487628587072,0.421318640487258,0.302118878487379,1.03983495894064,0.261003980462291,0.370965058428471,0.206745256693698,0.454665875180455,0.297118569319277,0.849,0.558999999999999
