"sim","censoring","n","perc_censored","alpha_fc","beta_fc","gamma_fc","alpha_extrap","beta_extrap","gamma_extrap","se_alpha_extrap","se_beta_extrap","se_gamma_extrap","alpha_extrap_no","beta_extrap_no","gamma_extrap_no","se_alpha_extrap_no","se_beta_extrap_no","se_gamma_extrap_no","time_extrap","time_extrap_no"
"11431-1","light",500,0.104,0.973800849988559,0.534169284015236,0.287677744504357,0.982842067513613,0.496341271715714,0.282466876009013,0.10450860086837,0.184334106297522,0.128309919976129,0.981885139531193,0.506970307782962,0.286212130269569,0.106303703559663,0.19080685823069,0.128501310875987,5.202,0.754999999999999
"11431-2","light",500,0.138,1.05399777578274,0.61656705042597,0.254166181428097,1.04800420447904,0.642485274892586,0.242811929791821,0.104973240673436,0.19558328170593,0.124961207998307,1.05271082865138,0.647517644249919,0.240070681255564,0.106545139949631,0.201431300939619,0.125185660358453,6.071,0.850000000000001
"11431-3","light",500,0.11,1.03409674391176,0.508450854795993,0.200690257411323,1.03251566403471,0.495829429089835,0.201406455581578,0.102313763370424,0.164571028870106,0.128739706746918,1.03033526163406,0.527698495753915,0.194604387393244,0.104609980141681,0.163372401721085,0.129692170267872,4.241,0.860999999999997
"11431-4","light",500,0.11,1.02603353216901,0.448749667833597,0.308657263231373,1.02828866946916,0.44281833223753,0.294379239411951,0.0988056283772788,0.156491152596743,0.129159854650264,1.01169731730804,0.457065395032509,0.316454854813405,0.0979274199059111,0.15614530225951,0.128701818684771,4.752,0.692
"11431-5","light",500,0.146,1.08683849631361,0.302316089021461,0.129754457829093,1.09168527490527,0.28033929335737,0.121067394493759,0.102118376590695,0.159112878632099,0.128522010205733,1.09157297760859,0.284720697207019,0.121777300887794,0.102698933203828,0.163711974878007,0.127083237492087,6.70500000000001,0.826000000000001
