"sim","censoring","n","perc_censored","alpha_fc","beta_fc","gamma_fc","alpha_extrap","beta_extrap","gamma_extrap","se_alpha_extrap","se_beta_extrap","se_gamma_extrap","alpha_extrap_no","beta_extrap_no","gamma_extrap_no","se_alpha_extrap_no","se_beta_extrap_no","se_gamma_extrap_no","time_extrap","time_extrap_no"
"11429-1","light",100,0.18,1.07441134242074,0.527658128170994,0.0989594535495383,1.05163819542028,0.492065539856589,0.128142924806725,0.230839161250569,0.380703734879756,0.278624780921846,1.0544641992344,0.526500023592569,0.106585898230985,0.232967389580907,0.389391109937344,0.278838296436964,1.134,0.523
"11429-2","light",100,0.1,1.33331774991338,-0.345032366989119,0.0875585992760208,1.39611034013044,-0.572162753628709,0.0697963454995617,0.246866170341001,0.601886910005094,0.280695528064867,1.3815121899173,-0.511692056420757,0.0755180720521958,0.238896407564882,0.592241066462539,0.27901332086969,0.791,0.492
"11429-3","light",100,0.11,0.845034999511197,0.648530704563207,0.490549106973554,0.831928222353098,0.702271846391117,0.50411317876898,0.248101364374198,0.405214184971913,0.300041941934195,0.814619316937147,0.740146666243994,0.507783551776129,0.253640437484732,0.420161247549415,0.294562216883083,0.819000000000001,0.498000000000001
"11429-4","light",100,0.12,1.2394235691897,0.201921639562025,0.00807709040610207,1.24120200177706,0.190900042734392,0.0153424651711176,0.217324515388405,0.383710082771067,0.280139434115502,1.23217316649094,0.242833555632635,-0.00619911914600323,0.220454421078181,0.426513432221331,0.280090736355733,0.862,0.504999999999999
"11429-5","light",100,0.16,0.931770868265735,0.865391698763124,0.422638316886866,0.983409452835203,0.712196303685879,0.411060189979009,0.258992653075124,0.417194905113611,0.287329664029192,0.982728276399829,0.730341757821587,0.403007495997272,0.263527570827616,0.447909051391515,0.290161990648024,0.887,0.505999999999998
