"sim","censoring","n","perc_censored","alpha_fc","beta_fc","gamma_fc","alpha_extrap","beta_extrap","gamma_extrap","se_alpha_extrap","se_beta_extrap","se_gamma_extrap","alpha_extrap_no","beta_extrap_no","gamma_extrap_no","se_alpha_extrap_no","se_beta_extrap_no","se_gamma_extrap_no","time_extrap","time_extrap_no"
"11427-1","light",2000,0.1265,1.02588145259076,0.469807751041558,0.222048976221866,1.03032537370505,0.442353239755623,0.222218494009754,0.0523705825932114,0.0770387433119275,0.0640941864232794,1.02619147131954,0.453551663790625,0.22449376396451,0.0530562578480702,0.0765825120927403,0.0635079490184466,34.643,1.24499999999999
"11427-2","light",2000,0.1275,1.01633638935066,0.556875557630131,0.211109213245763,1.01938916377189,0.546996196504395,0.212814062344273,0.0494860670755539,0.0809022948150353,0.0628884835247233,1.0135700098922,0.564116470662739,0.215164912917215,0.0508583604042721,0.0846053166311722,0.0606929640538371,31.4,1.248
"11427-3","light",2000,0.115,0.98648621494582,0.502602741972137,0.14919415194747,1.00471378440406,0.465354097874544,0.135644789273721,0.0512047917071008,0.081092964791108,0.0638683341319728,0.999134253547513,0.484430087909734,0.141841688638997,0.0518964285320879,0.0861925687635712,0.0644327686751461,24.532,1.244
"11427-4","light",2000,0.119,1.02525535893863,0.517025726747985,0.166379783893748,1.0312408811278,0.503885020196804,0.162848680783883,0.0516815826981939,0.0886303373932064,0.0660094269567902,1.02296577071969,0.521807733009038,0.173226483165489,0.0510517560345691,0.092401578288784,0.0645773594721462,23.447,1.24700000000001
"11427-5","light",2000,0.114,0.98992362956836,0.526668175174589,0.21597638942621,0.998665661710455,0.509911343359734,0.207513622848911,0.0524228695938562,0.0927552690931475,0.0635508031314981,0.997070261454677,0.501912418774144,0.213760665280267,0.0506634581913808,0.0903662219535264,0.0639886462674161,27.868,1.24300000000002
