"sim","censoring","n","perc_censored","alpha_fc","beta_fc","gamma_fc","alpha_extrap","beta_extrap","gamma_extrap","se_alpha_extrap","se_beta_extrap","se_gamma_extrap","alpha_extrap_no","beta_extrap_no","gamma_extrap_no","se_alpha_extrap_no","se_beta_extrap_no","se_gamma_extrap_no","time_extrap","time_extrap_no"
"11427-1","light",500,0.128,1.00529750069157,0.24196642537501,0.417323674560392,1.01455648622217,0.222695430474514,0.41194544467978,0.107126359270903,0.182064794139618,0.125921608142255,1.01057724053314,0.234783918320417,0.414278026807665,0.104033258663633,0.185392565680872,0.12509490309055,4.687,0.628
"11427-2","light",500,0.116,0.950916103540247,0.363884156218346,0.33596367775303,0.948740499617745,0.381080036624055,0.341363998405488,0.113227767217239,0.217853092567353,0.127846932587271,0.952483106219674,0.3748095529312,0.33878905927846,0.114554070994372,0.222548804659169,0.12529091775963,4.133,0.628
"11427-3","light",500,0.122,0.918433890879004,0.406544969889275,0.415862142817753,0.939048072043877,0.3220102980272,0.413104615998147,0.0989311067145997,0.161380970815614,0.118834128326378,0.938975306129503,0.33758304284844,0.408995712564513,0.101856099840525,0.168460816913538,0.120380499061847,4.144,0.661999999999999
"11427-4","light",500,0.11,1.01465396299543,0.53613689410595,0.208148521982606,1.01702142084165,0.515275533799013,0.20877483518571,0.0963765833632552,0.177967855955089,0.1190343960139,1.0085509571999,0.552296769967466,0.205673560016663,0.0970169720742682,0.17727004945574,0.118547641207375,3.86,0.628
"11427-5","light",500,0.134,1.02189382369396,0.332296833862051,0.238015543641273,1.03731010425405,0.287133077308451,0.238041448538236,0.108620747984949,0.186352461670993,0.128836976002365,1.03242866412345,0.307762755593155,0.240555364818356,0.103512624729195,0.182725044953343,0.124878254739131,3.546,0.625999999999998
