"sim","censoring","n","perc_censored","alpha_fc","beta_fc","gamma_fc","alpha_extrap","beta_extrap","gamma_extrap","se_alpha_extrap","se_beta_extrap","se_gamma_extrap","alpha_extrap_no","beta_extrap_no","gamma_extrap_no","se_alpha_extrap_no","se_beta_extrap_no","se_gamma_extrap_no","time_extrap","time_extrap_no"
"11431-1","light",2000,0.1295,0.928640584730287,0.577211885772887,0.317299529978419,0.917929188384895,0.613807243842242,0.320842842355802,0.0512140417195533,0.0923720963012562,0.0625730096321845,0.916365970456036,0.632143510719149,0.316840662395824,0.0527456194608541,0.0947081033971611,0.0635782854762757,36.457,1.39200000000001
"11431-2","light",2000,0.1025,1.01068111105601,0.420948986272879,0.210529855231526,1.00352990461982,0.440780272366675,0.213484944203292,0.0524596186658336,0.0964313653429879,0.0626475900719418,0.999567693234719,0.458895458198271,0.212901176711579,0.0539392141520908,0.0981473539978676,0.0638522662787307,29.604,2.241
"11431-3","light",2000,0.1245,0.972391483088313,0.475666012333139,0.253749461814915,0.976793617691312,0.463253707380787,0.251879451590977,0.0521772803326672,0.0939702731079676,0.0618166406197707,0.977168724239092,0.469320533988365,0.249536008221761,0.052723139057409,0.0931425114144575,0.0628255295680612,39.1,2.209
"11431-4","light",2000,0.114,0.992943519175983,0.464406973132453,0.235177995283646,0.989265886598775,0.502290718854369,0.229288672090538,0.0525783197720115,0.090284367861904,0.0631561457532592,0.985943064868064,0.516168202429123,0.229525220613244,0.0518440194586272,0.0915300372041046,0.0621381078586406,27.788,1.59899999999999
"11431-5","light",2000,0.1195,0.982820311364764,0.572551853426815,0.260134430386379,0.984950148812456,0.590099345495372,0.253034629504953,0.0519136547179094,0.0937288848304414,0.0624166132697398,0.983886647494158,0.59207613692748,0.254719648287709,0.0519058029135678,0.0915511709193844,0.0627346538506425,31.951,1.43099999999998
