"sim","censoring","n","perc_censored","alpha_fc","beta_fc","gamma_fc","alpha_extrap","beta_extrap","gamma_extrap","se_alpha_extrap","se_beta_extrap","se_gamma_extrap","alpha_extrap_no","beta_extrap_no","gamma_extrap_no","se_alpha_extrap_no","se_beta_extrap_no","se_gamma_extrap_no","time_extrap","time_extrap_no"
"11441-1","light",100,0.1,0.895725773565748,0.517076626933307,0.292427280743827,0.903784701235084,0.464921824731211,0.285924494825611,0.248316118689395,0.331919650974608,0.329140423927358,0.898877682254475,0.504556173926827,0.281823703258954,0.241786256093996,0.339128203457541,0.331505598970252,1.703,0.815
"11441-2","light",100,0.14,0.71961063521226,0.302227670142456,0.541491004819251,0.723311014820198,0.24077879644161,0.547467630497389,0.198021284819491,0.239590942618132,0.242181693657978,0.732754975886983,0.240549473006666,0.535889138087438,0.19876244961525,0.249642386075983,0.237483193820482,1.53,0.795999999999999
"11441-3","light",100,0.18,1.11729989927228,0.123311213154549,0.254288176542046,1.12836942811766,0.118795769827016,0.238185009247658,0.204291505966222,0.330793293979437,0.262213808582914,1.11470837273746,0.122016859133868,0.264050328553373,0.202995101758955,0.356989723909242,0.261379121566222,1.348,0.818
"11441-4","light",100,0.14,0.910649825194306,0.289240298397974,0.407321935629753,0.903930532130948,0.306815669452585,0.447171881700928,0.233714395827922,0.472106336290884,0.303935264693508,0.874537314936699,0.416747613944002,0.450289191963909,0.241778697666207,0.5399263613008,0.312094062723556,1.184,0.807
"11441-5","light",100,0.0600000000000001,1.11661710796519,0.493346522946032,0.210787552883913,1.10584084727803,0.602085173420143,0.182612111455445,0.228095699600907,0.598095208059108,0.278112274462862,1.08690919413484,0.637802916905975,0.208735128545797,0.22923479236999,0.590214654057189,0.278822360729479,1.15,0.933
