"sim","censoring","n","perc_censored","alpha_fc","beta_fc","gamma_fc","alpha_extrap","beta_extrap","gamma_extrap","se_alpha_extrap","se_beta_extrap","se_gamma_extrap","alpha_extrap_no","beta_extrap_no","gamma_extrap_no","se_alpha_extrap_no","se_beta_extrap_no","se_gamma_extrap_no","time_extrap","time_extrap_no"
"11430-1","light",100,0.08,1.06793075450069,0.360777000951425,0.323791749993579,1.08552003987651,0.286029531123583,0.319109965973229,0.213567273650739,0.313414544145604,0.266335124416834,1.07560935152472,0.303291838464933,0.326863253570245,0.215359456404345,0.321081312690471,0.264980557295386,1.133,0.63
"11430-2","light",100,0.0600000000000001,1.1243852471095,0.389244072593958,0.379702333092537,1.13210037587033,0.393011897703227,0.379020110200548,0.225445459425211,0.370681240238081,0.262613124794503,1.10469269037529,0.411733595246774,0.399192350599782,0.230933667267502,0.369199484672459,0.273519594831883,0.816,0.673999999999999
"11430-3","light",100,0.0600000000000001,1.45825798948508,-0.502230459524295,-0.106021563696953,1.43761895565282,-0.408927463786518,-0.117639071436391,0.22249333297842,0.575938722225877,0.249602096670497,1.44379675381767,-0.445717004917266,-0.109536240938481,0.217771160022948,0.540949936413001,0.248822088363078,0.949999999999999,0.554
"11430-4","light",100,0.08,1.02306693794553,0.14427921463652,0.536800195310347,1.02936499615446,0.0765511615039388,0.532894656923336,0.290147773707393,0.477088323444431,0.33803531419587,1.05305136126276,0.0294380043698246,0.555202247545995,0.285669465030711,0.464463861206864,0.325992285345465,0.891,0.651000000000002
"11430-5","light",100,0.15,1.15477631984142,0.428635933621261,0.000130853165605393,1.15322133410348,0.333056418573349,0.0135870125399789,0.222618787787169,0.231577613855868,0.263535705815526,1.20455673851683,0.33738677090527,-0.0323332530207403,0.240103233749227,0.366054408359079,0.272249233794187,1.096,0.547000000000001
