"sim","censoring","n","perc_censored","alpha_fc","beta_fc","gamma_fc","alpha_extrap","beta_extrap","gamma_extrap","se_alpha_extrap","se_beta_extrap","se_gamma_extrap","alpha_extrap_no","beta_extrap_no","gamma_extrap_no","se_alpha_extrap_no","se_beta_extrap_no","se_gamma_extrap_no","time_extrap","time_extrap_no"
"11440-1","light",2000,0.118,1.00388002167589,0.420539690032486,0.28447085712386,1.0106210000509,0.385502879130513,0.2879351800572,0.0514631012092169,0.0848821107272046,0.0629555845187813,1.00987674726883,0.392431416623895,0.286151314358662,0.0519121145423806,0.0862489481759396,0.0603757357801229,37.813,2.789
"11440-2","light",2000,0.126,1.04524557208915,0.54852591488961,0.225503009171395,1.03371417269172,0.588228308730914,0.222664652743993,0.0519944037891461,0.0944085168543569,0.0634071053415327,1.03378856869835,0.600857068935195,0.218465279938048,0.0516086290356634,0.0937762874167743,0.0635576538206251,42.054,2.309
"11440-3","light",2000,0.133,1.021654900611,0.493248808312089,0.23388710899609,1.02380372523508,0.49011803341497,0.228844266741033,0.0520133269438205,0.0831047854380023,0.0657098928746486,1.01664421378726,0.512692482139755,0.228074903167779,0.0524347356530107,0.084051275704907,0.0640225974952171,47.943,2.38
"11440-4","light",2000,0.1275,1.04422674192057,0.541098691042362,0.219380949740166,1.04292061095966,0.549415211753426,0.220467028869864,0.0522330717460423,0.0946341163762532,0.0621162848451817,1.04412245302438,0.551205861859029,0.216603850909901,0.0509491127166715,0.0931058755258134,0.0628723538245658,34.834,2.411
"11440-5","light",2000,0.133,0.9810646914429,0.485284101260557,0.303516896678884,0.991831112768764,0.438937921229901,0.306788180498041,0.0505488748800926,0.0850286537531308,0.0633648009344605,0.994306370667858,0.440589535849154,0.305247880227554,0.0490519629896443,0.0863284820693268,0.0628693495150572,48.444,2.35499999999996
