"sim","censoring","n","perc_censored","alpha_fc","beta_fc","gamma_fc","alpha_extrap","beta_extrap","gamma_extrap","se_alpha_extrap","se_beta_extrap","se_gamma_extrap","alpha_extrap_no","beta_extrap_no","gamma_extrap_no","se_alpha_extrap_no","se_beta_extrap_no","se_gamma_extrap_no","time_extrap","time_extrap_no"
"11422-1","light",2000,0.136,0.9748767103773,0.485434048496858,0.307774080122347,0.987210905799148,0.43565307038327,0.307325536758857,0.0502293029237722,0.0772544533199235,0.0618199405966415,0.987830854916062,0.441159878135696,0.30527821484862,0.0506667830723218,0.0786480228555821,0.0609802314980763,61.553,2.762
"11422-2","light",2000,0.119,0.954422253306805,0.573249424929421,0.239949448971126,0.970449530012335,0.559246167971767,0.224917048171854,0.0522193010327187,0.10838560108885,0.0623766381765359,0.964471720343488,0.564696090116055,0.234339540485934,0.0514162301028782,0.109024718640071,0.0643813290710998,37.649,2.68600000000001
"11422-3","light",2000,0.142,0.975930211567912,0.519100645418028,0.248080221254331,0.99027977788596,0.464426031252618,0.248201751616085,0.0499994529943594,0.0863308149357306,0.0616379585609192,0.988973991639514,0.467631700527418,0.248986427765665,0.0514430909937169,0.0876989877039935,0.0612292695991709,52.671,2.63
"11422-4","light",2000,0.111,1.01971594865391,0.427951996604455,0.232227588736451,1.0200168502745,0.419224400019885,0.23615131557978,0.0520908891654572,0.0959786609782685,0.0648172188716032,1.01637804994266,0.434602108718015,0.235934701779269,0.0533538710493287,0.0972007266492799,0.0655767165944058,40.312,2.39400000000001
"11422-5","light",2000,0.117,1.06551859939874,0.511002179592535,0.114853676359265,1.05156954656715,0.547009276439934,0.124431054440733,0.0525700191452161,0.0953128516912141,0.065489715314408,1.05277882351779,0.552732900605781,0.120463724709217,0.0497086683539429,0.0909945144230955,0.0638259025550458,40.8,2.892
