"sim","censoring","n","perc_censored","alpha_fc","beta_fc","gamma_fc","alpha_extrap","beta_extrap","gamma_extrap","se_alpha_extrap","se_beta_extrap","se_gamma_extrap","alpha_extrap_no","beta_extrap_no","gamma_extrap_no","se_alpha_extrap_no","se_beta_extrap_no","se_gamma_extrap_no","time_extrap","time_extrap_no"
"11436-1","light",500,0.102,1.00352805455256,0.658484516565705,0.10942965508261,0.991493386628149,0.746709162571315,0.110559125929513,0.103761972160995,0.208653983593866,0.126490894743456,0.986047699319862,0.758436176643707,0.117757876973453,0.104139821788832,0.213541259040245,0.125326645965992,3.775,0.786999999999999
"11436-2","light",500,0.11,0.936783240187509,0.423713328311409,0.399538132833284,0.939714749180718,0.413803826436874,0.394247929240021,0.106818588637921,0.185216758877942,0.133629041998837,0.935323539147313,0.416974402437271,0.399611187688166,0.106208269421989,0.188687283643225,0.129547585295228,4.746,1.041
"11436-3","light",500,0.096,1.06971844141425,0.439925228437044,0.25643942543121,1.07768054543567,0.417691231974037,0.24895186368762,0.112152556428312,0.257349608483571,0.130565909951258,1.09645646701396,0.389149881862578,0.237550319998892,0.11263309914128,0.259538012811472,0.128135880020592,4.383,0.939
"11436-4","light",500,0.12,1.09230893502561,0.432249566643027,0.0958282276111961,1.06258931201358,0.542157547797801,0.0945785430613419,0.104238090186388,0.172709973399303,0.126001754200207,1.06375677166619,0.55302714114691,0.0896685462416867,0.105106226308523,0.183177157811544,0.126684667283159,5.828,1.311
"11436-5","light",500,0.104,0.998027028892187,0.466457817130801,0.321430488196081,1.0119065910138,0.394917541609103,0.317631966785817,0.098063989754438,0.163125423600068,0.127686152003688,1.01363066586858,0.399135520150025,0.320185761175283,0.0964532091233665,0.170015799240693,0.125885737073254,4.551,0.797000000000004
