"sim","censoring","n","perc_censored","alpha_fc","beta_fc","gamma_fc","alpha_extrap","beta_extrap","gamma_extrap","se_alpha_extrap","se_beta_extrap","se_gamma_extrap","alpha_extrap_no","beta_extrap_no","gamma_extrap_no","se_alpha_extrap_no","se_beta_extrap_no","se_gamma_extrap_no","time_extrap","time_extrap_no"
"11434-1","light",2000,0.122,1.00525680504021,0.515178032160322,0.268386503598992,0.993458434729337,0.559979294136528,0.277243662678463,0.0516427186907164,0.0872057388949439,0.0624375190003239,0.997679456639026,0.555728706058269,0.266372512351873,0.0520417445288917,0.0885579735821783,0.0628725975260481,34.963,1.87400000000001
"11434-2","light",2000,0.131,0.974044697712383,0.478639461065932,0.263767184300103,0.972151808698887,0.478201021438477,0.263733415178959,0.0500307245022136,0.0762794893688059,0.0622292976706275,0.964573483053973,0.488835121076279,0.273791247295667,0.0498897375354364,0.0789533883949556,0.0631654049219736,41.326,1.95899999999999
"11434-3","light",2000,0.1295,0.973473888567777,0.547157170058924,0.232893882433049,0.970495934334458,0.554551634129973,0.235945708198677,0.0546102762713043,0.0904823736419219,0.0653992788621644,0.970051312746711,0.564713565159322,0.236792880725958,0.0538099622410071,0.0910868642310984,0.0639676079542617,40.599,2.02099999999999
"11434-4","light",2000,0.1185,1.00615102539676,0.46495951964565,0.233457611197773,1.02638393890459,0.404731674278352,0.231629811075461,0.0522781421653963,0.0897120191522892,0.0640007397115861,1.02159153342399,0.412925065678308,0.232893131694148,0.0514378971595064,0.0916731148167339,0.0607990521921561,29.705,1.97499999999999
"11434-5","light",2000,0.1265,0.924869335331758,0.516902176945424,0.339397269897212,0.939641746546259,0.451973519714108,0.346042123273576,0.0514644434451851,0.0796436250355754,0.0652790913839939,0.93909180764892,0.460940125006298,0.345641146069405,0.0537012598704891,0.0818751986030353,0.0634904377821962,38.966,1.82600000000002
