"sim","censoring","n","perc_censored","alpha_fc","beta_fc","gamma_fc","alpha_extrap","beta_extrap","gamma_extrap","se_alpha_extrap","se_beta_extrap","se_gamma_extrap","alpha_extrap_no","beta_extrap_no","gamma_extrap_no","se_alpha_extrap_no","se_beta_extrap_no","se_gamma_extrap_no","time_extrap","time_extrap_no"
"11435-1","light",500,0.134,1.10594903543025,0.494739914185712,0.247108175109572,1.10029593426726,0.506815217717239,0.254001057003362,0.113471556656117,0.170062086493201,0.132457689396842,1.09608953837605,0.551389221585936,0.234533544699026,0.109278917523374,0.170452729846963,0.128211806692964,6.574,0.820999999999998
"11435-2","light",500,0.148,0.966667621752794,0.56243491052508,0.232961107332129,0.964605944472628,0.588939557529176,0.234476366269967,0.106893369469618,0.198200376919332,0.127128875155669,0.955866484671794,0.620986538096431,0.23449490269627,0.108283307525927,0.208043650223952,0.129161444951301,5.704,1.073
"11435-3","light",500,0.146,1.00938160670792,0.422212812334661,0.366910935524642,1.04592914958419,0.317928903277414,0.362039396630406,0.103432783071863,0.170297526755499,0.125949448506208,1.03541271458413,0.338553639282638,0.370490602844417,0.104173385614816,0.173352254584377,0.121147260038904,7.273,0.973999999999997
"11435-4","light",500,0.114,1.01921067954668,0.521901092738765,0.207048309002496,1.01720725206184,0.463826913430581,0.22420603700336,0.101498041217861,0.154540148975794,0.128681893718427,0.999070575961768,0.550848464245313,0.219331358642094,0.105046825402287,0.160405774282961,0.131961436678624,7.018,0.772000000000006
"11435-5","light",500,0.144,0.931610235108264,0.517218701857193,0.207687234439965,0.905524489501455,0.621616579467961,0.187463965625159,0.0978538069791633,0.163838406755904,0.127417301944109,0.889949672884299,0.650404679409067,0.209685903758711,0.101062722133752,0.178532872575761,0.126418709720154,7.111,1.075
