"sim","censoring","n","perc_censored","alpha_fc","beta_fc","gamma_fc","alpha_extrap","beta_extrap","gamma_extrap","se_alpha_extrap","se_beta_extrap","se_gamma_extrap","alpha_extrap_no","beta_extrap_no","gamma_extrap_no","se_alpha_extrap_no","se_beta_extrap_no","se_gamma_extrap_no","time_extrap","time_extrap_no"
"11425-1","light",500,0.136,1.09758332752006,0.498333115756978,0.137499509111291,1.11020612585199,0.455715358634073,0.126733324706357,0.0993577756574426,0.151264290836513,0.120693489249554,1.11348744527914,0.476577125924396,0.122514728253215,0.101362800127545,0.16027885685578,0.120669776297157,4.706,0.707999999999998
"11425-2","light",500,0.118,1.00315797460671,0.522045598679959,0.181225604942544,0.997607621088282,0.514376824494498,0.19328283132646,0.106644053983587,0.187065786229761,0.129620704715844,1.00219242538757,0.52333478470106,0.189989820468803,0.106715602995851,0.189135553347608,0.129201556327121,4.869,0.744000000000003
"11425-3","light",500,0.108,0.933934080956034,0.530795399918994,0.300804590946132,0.901017785816343,0.660418832098879,0.292836239889597,0.0917623809874609,0.154762688000096,0.120202107667661,0.890606736861802,0.683540945451701,0.30463840402707,0.0954570252303089,0.164968404664314,0.121501911473134,4.697,0.730999999999998
"11425-4","light",500,0.122,1.00655164513364,0.381763354672547,0.26306361787611,0.992719700449976,0.416158911701281,0.268370030800591,0.103677256354,0.186236602440102,0.120310482583889,0.982028266845605,0.450073621821251,0.270746014663319,0.103237794916519,0.19122725961402,0.122083139890601,4.407,0.759
"11425-5","light",500,0.124,0.987331195626974,0.462918026709043,0.185463985681125,1.01523909543758,0.41165087970303,0.171955739049392,0.103154808670796,0.148267864301616,0.131393750492942,1.00718268583292,0.437878196630933,0.17157769211818,0.103061963826429,0.164590334500845,0.131153069241592,4.153,0.723000000000006
