"sim","censoring","n","perc_censored","alpha_fc","beta_fc","gamma_fc","alpha_extrap","beta_extrap","gamma_extrap","se_alpha_extrap","se_beta_extrap","se_gamma_extrap","alpha_extrap_no","beta_extrap_no","gamma_extrap_no","se_alpha_extrap_no","se_beta_extrap_no","se_gamma_extrap_no","time_extrap","time_extrap_no"
"11440-1","light",100,0.11,1.18297156102329,-0.000256968888926695,0.222464178021635,1.19245616401963,-0.0120889686052153,0.218370651278734,0.228897896241089,0.344572316176425,0.273691653974852,1.18556839241281,-0.0239678023357246,0.222942956985801,0.216400493530623,0.372195797464999,0.262288892584281,1.398,0.847
"11440-2","light",100,0.1,1.23466984480744,0.108309327763894,0.288174883215965,1.19440325512488,0.236799895033736,0.299497644826995,0.259113228236859,0.402288407737574,0.29158510758821,1.21773571322506,0.213747930291156,0.271625569506556,0.267436902784145,0.403169807959661,0.294442810586121,1.311,0.808
"11440-3","light",100,0.1,0.79329244647308,0.374050109994889,0.448356169279485,0.83047947592976,0.29466307423343,0.427379521994,0.242297280115305,0.432420284749044,0.293222020689305,0.807001800065274,0.341240411430599,0.43630777633312,0.245192226481413,0.460212546046282,0.300737819453712,1.284,0.734
"11440-4","light",100,0.17,0.75937222719777,0.775916040177812,0.17351255432953,0.724538535544288,0.741075003363619,0.204266646956384,0.185993821300389,0.236295483431083,0.248876761299155,0.730248741245623,0.778879697631202,0.178366755883626,0.184659553196104,0.250832886858383,0.252368903914084,1.718,0.814
"11440-5","light",100,0.15,1.01961912911699,0.451414346064116,0.0319575772602126,1.01111960377149,0.469252424445882,0.0306125226497158,0.252304477347358,0.561868544457328,0.296588755017282,1.01254706295703,0.488699441357069,0.0333254318770286,0.255386912300573,0.583524415428414,0.291611284515366,1.512,0.946000000000002
