"sim","censoring","n","perc_censored","alpha_fc","beta_fc","gamma_fc","alpha_extrap","beta_extrap","gamma_extrap","se_alpha_extrap","se_beta_extrap","se_gamma_extrap","alpha_extrap_no","beta_extrap_no","gamma_extrap_no","se_alpha_extrap_no","se_beta_extrap_no","se_gamma_extrap_no","time_extrap","time_extrap_no"
"11436-1","light",2000,0.115,0.970789536272264,0.616768206321482,0.210115139336485,0.973123721297193,0.617430336878632,0.204789499460723,0.0520239388666524,0.0855117465656038,0.063042211505216,0.974259894588906,0.624205260662847,0.19731922246833,0.0518607976530248,0.0863553430534504,0.0607603230313103,34.738,1.95700000000001
"11436-2","light",2000,0.1315,1.0136159220571,0.406428721257988,0.242467635193347,1.01827714715277,0.3996023078902,0.23739301391463,0.0527993365911268,0.0765558186216628,0.063180134985138,1.01383488600441,0.415728823506486,0.239093989437697,0.0509016449203954,0.0779902872115283,0.0618976022377622,46.581,2.19
"11436-3","light",2000,0.1125,1.03543991965197,0.541590644655815,0.239572360331292,1.03745770328278,0.551602984029203,0.238813464982362,0.0511759681076533,0.0931015717310389,0.0630660585103567,1.03763826281491,0.553012666541954,0.238321840729638,0.0522491456063738,0.0957717633673338,0.06319299727262,33.095,1.81399999999999
"11436-4","light",2000,0.1155,0.987203249413208,0.489349880794236,0.254721632520022,0.994851071088377,0.476389406652235,0.254130060177709,0.0505724144973559,0.0883416591204266,0.0635957424334987,0.991010600001702,0.476733448816747,0.254926446613867,0.0506879508765489,0.088492061205429,0.0631511375595534,36.692,2.261
"11436-5","light",2000,0.1335,0.961138086315019,0.466060313661647,0.24508901880687,0.949415620749938,0.490260674898167,0.245842925540922,0.0494182765429317,0.0820303005766428,0.0618714504648952,0.948442118161562,0.48429583676132,0.252648476625141,0.0495818466263704,0.0875928981681197,0.0613662908214904,42.659,2.16500000000002
