"sim","censoring","n","perc_censored","alpha_fc","beta_fc","gamma_fc","alpha_extrap","beta_extrap","gamma_extrap","se_alpha_extrap","se_beta_extrap","se_gamma_extrap","alpha_extrap_no","beta_extrap_no","gamma_extrap_no","se_alpha_extrap_no","se_beta_extrap_no","se_gamma_extrap_no","time_extrap","time_extrap_no"
"11424-1","light",100,0.13,1.03641812498674,0.698390114479588,0.265904424919308,1.04799298068915,0.616188986349289,0.284544046524155,0.237278277724789,0.367823443136161,0.268986424768884,1.05224729844049,0.589882584442712,0.284900828347004,0.230822197736646,0.359276431490197,0.267471603360558,1.153,0.556999999999999
"11424-2","light",100,0.08,1.26455313697814,0.163823948864332,0.0408778864725649,1.27210091108086,0.173272506738028,0.0470665641065401,0.259571367769274,0.45058348193211,0.295009545764678,1.25309672436577,0.232891364183406,0.0384495115576485,0.252015912126863,0.464595669189541,0.290082570293228,0.774,0.592
"11424-3","light",100,0.15,1.05883456261021,0.459573517791383,0.131295565303093,0.985853899957534,0.797117319175141,0.112182776279686,0.222161884218506,0.516982485973567,0.287327658779273,0.978101077804756,0.809205645623042,0.136463418473373,0.222802792177854,0.47866309249693,0.267448099472153,0.988999999999999,0.57
"11424-4","light",100,0.11,1.06061315104292,0.391852177684512,-0.0345085806362708,1.04923510417515,0.383398166867413,-0.00795764397408633,0.221837362372374,0.381778850737614,0.282351850372844,1.07447378189227,0.345867477296042,-0.0400468394673542,0.218669385291539,0.416033332602072,0.275086907962585,0.894,0.584
"11424-5","light",100,0.13,1.11053793341263,0.636637819456526,0.12479538295205,1.12137808183844,0.569309764941042,0.127482470590457,0.235913228905323,0.377045438875973,0.276778513889447,1.08617509410559,0.644721730260154,0.13856423604665,0.23636311754802,0.377708859179398,0.271694942180351,0.992999999999999,0.593
