"sim","censoring","n","perc_censored","alpha_fc","beta_fc","gamma_fc","alpha_extrap","beta_extrap","gamma_extrap","se_alpha_extrap","se_beta_extrap","se_gamma_extrap","alpha_extrap_no","beta_extrap_no","gamma_extrap_no","se_alpha_extrap_no","se_beta_extrap_no","se_gamma_extrap_no","time_extrap","time_extrap_no"
"11437-1","light",2000,0.119,0.956172114208792,0.545451857671412,0.298176051002645,0.958461898455677,0.537630347762913,0.305915316556662,0.0532747682092698,0.0899757390362699,0.0661288408207307,0.958786806565751,0.545344326650068,0.301207385082283,0.0529890759962913,0.0929606921838845,0.0660637838263338,40.217,2.251
"11437-2","light",2000,0.135,1.02243015886057,0.408558117883095,0.219927045634454,1.01033015709009,0.449515856751176,0.221427904454371,0.0512901984861306,0.0850648069293626,0.0604706956267669,1.00993026288799,0.446774627248458,0.220806698083739,0.0504261626383124,0.0866273891004273,0.0605374066156887,43.658,1.53
"11437-3","light",2000,0.1245,1.02959298099762,0.469631436718871,0.287003799117816,1.03985608189798,0.436458627554196,0.283284594374432,0.0549270855552304,0.0941895954916172,0.063978697925132,1.02920408962323,0.480251310492856,0.28391356739819,0.0507733373011364,0.0910018537113186,0.061717009331475,46.902,2.32400000000001
"11437-4","light",2000,0.1155,0.96269686750444,0.526601810529632,0.340828586800428,0.952381624143798,0.55075555084412,0.346445673061054,0.0551075371800663,0.0966582596967315,0.0656796537024875,0.956117822847459,0.562374917191404,0.33355896669335,0.0552400232395489,0.0958211957152174,0.0655375315420297,31.176,2.02599999999998
"11437-5","light",2000,0.122,0.963994122134825,0.506395792619865,0.276234765293263,0.969165083290555,0.474764457345609,0.279878529164519,0.0535559236894771,0.0936531240483315,0.0656492511053314,0.971888120490935,0.484179921159422,0.27669445558613,0.0523618671042589,0.0934451568661632,0.0643043562574228,37.172,2.20600000000002
