"sim","censoring","n","perc_censored","alpha_fc","beta_fc","gamma_fc","alpha_extrap","beta_extrap","gamma_extrap","se_alpha_extrap","se_beta_extrap","se_gamma_extrap","alpha_extrap_no","beta_extrap_no","gamma_extrap_no","se_alpha_extrap_no","se_beta_extrap_no","se_gamma_extrap_no","time_extrap","time_extrap_no"
"11441-1","light",500,0.128,0.993511372064938,0.574637491155823,0.212374774796063,0.991762591927885,0.585970319410354,0.200133874683399,0.0987461693670405,0.160081691414029,0.126937809379486,0.976036334658198,0.629635327599681,0.2132414563577,0.0980340340868748,0.169660012809809,0.126744122877906,8.202,0.977999999999998
"11441-2","light",500,0.124,0.981419542903289,0.490299688589799,0.309446382775255,1.00619994242159,0.40390834060809,0.302874015329169,0.0982086163103227,0.13445639155396,0.127737713037832,0.996836761092394,0.429571245280216,0.310779198987643,0.0999034116694364,0.138553443626066,0.124283562732822,9.519,1.039
"11441-3","light",500,0.124,0.945891426057195,0.485008952940488,0.182055513704005,0.929350210752603,0.510192307245984,0.19364367411153,0.109316653097692,0.184340501300105,0.135611694732667,0.9306921935812,0.516596479556097,0.190184320848023,0.107176455654843,0.177023900189749,0.134205844125231,6.876,1.147
"11441-4","light",500,0.138,1.01823241697574,0.496058048587036,0.147859163360402,1.00824237761005,0.548062998774358,0.141408135332532,0.0992774386521065,0.168159100278103,0.123096984684499,1.00102381816255,0.560338128907315,0.140663515289511,0.101020071079808,0.173971246416508,0.124823899332812,6.412,1.026
"11441-5","light",500,0.136,1.07615607161907,0.447357339156434,0.250509854256758,1.0829385409654,0.422401431094016,0.251458861886066,0.104496367073939,0.17345882025802,0.125662216090551,1.08440207337353,0.432554220096151,0.245730997101037,0.104429536142166,0.185017345550948,0.121404958951326,7.061,1.096
