"sim","censoring","n","perc_censored","alpha_fc","beta_fc","gamma_fc","alpha_extrap","beta_extrap","gamma_extrap","se_alpha_extrap","se_beta_extrap","se_gamma_extrap","alpha_extrap_no","beta_extrap_no","gamma_extrap_no","se_alpha_extrap_no","se_beta_extrap_no","se_gamma_extrap_no","time_extrap","time_extrap_no"
"11433-1","extra_heavy",100,0.76,0.979133603514778,0.214465119978159,0.251734873453828,1.06583249331238,-0.0322728284963911,0.237709927920201,0.301060821776307,0.486436393561842,0.288494852531852,0.928585479432542,1.01308738621558,0.250485217486815,0.388080952324652,3.00564837945084,0.275659118989763,1.05799999999999,0.59800000000007
"11433-2","extra_heavy",100,0.74,0.706815861714439,0.67748286681803,0.423235150703159,0.817727883453088,0.265291629183485,0.404299296916148,0.359354375015981,1.29143266919377,0.289841053288423,0.832384726150948,0.368964292271552,0.38508712051353,0.355240469609298,2.24477309911087,0.27606674537231,1.41700000000003,0.671000000000049
"11433-3","extra_heavy",100,0.77,0.912007371667933,0.451167466921914,0.521637206097429,0.978900880762086,0.0530455164445612,0.585593774958898,0.234296147879927,0.231488302146517,0.298614289018164,0.943492346921634,0.513710372847949,0.599052790729746,0.304627717156326,1.62388078816788,0.268100815708556,1.42200000000003,0.580000000000041
"11433-4","extra_heavy",100,0.66,0.958126175703481,0.554254455810982,0.164252850639972,1.08637234584797,-0.22782041639159,0.206950664487166,0.277006901778368,2.33201846226056,0.335269851193066,1.22892391941693,-1.93656733934689,0.219047616304425,0.310907199466477,2.8190827484287,0.306906005832823,1.10699999999997,0.557000000000016
"11433-5","extra_heavy",100,0.76,1.01158416942697,0.384710836943763,0.364908241428454,1.08546749585429,0.0151839490896205,0.407699639684726,0.269830700218521,0.486269898842238,0.296046102524146,1.03476057072739,0.613852718682154,0.418251732612169,0.402234780013701,3.13433944587963,0.290338750575218,1.14099999999996,0.627999999999929
