"sim","censoring","n","perc_censored","alpha_fc","beta_fc","gamma_fc","alpha_extrap","beta_extrap","gamma_extrap","se_alpha_extrap","se_beta_extrap","se_gamma_extrap","alpha_extrap_no","beta_extrap_no","gamma_extrap_no","se_alpha_extrap_no","se_beta_extrap_no","se_gamma_extrap_no","time_extrap","time_extrap_no"
"11435-1","extra_heavy",2000,0.778,1.06340003625363,0.414041185181863,0.186850129481916,1.01942264130653,0.52058077013,0.192164881280931,0.0775847134274948,0.19941680097585,0.062415310418896,1.01382334158159,0.959714872213243,0.187216989692008,0.0834734545510355,0.39167267052946,0.0650638187671161,37.1119999999999,2.22399999999993
"11435-2","extra_heavy",2000,0.7835,1.02773123241591,0.555453890987248,0.181638892979985,0.99039035626949,0.927651267522549,0.162233436961766,0.0750123578636498,0.27906745854074,0.0627286734452458,0.977558748390829,1.42814475227342,0.185921635779315,0.0830082958753811,0.465457429436542,0.06448426671098,47.748,2.0809999999999
"11435-3","extra_heavy",2000,0.782,1.01739119640865,0.435077455561205,0.246562747127418,1.09598768052923,0.207907786247294,0.23547933959748,0.0757549987911907,0.251088074712134,0.0643922888646746,1.09676111629519,0.27233643168155,0.239314947403147,0.0826826886845946,0.374247785891855,0.0637741035297574,45.806,2
"11435-4","extra_heavy",2000,0.7825,0.977295338178987,0.524223560671203,0.267372545154469,1.03550499476586,0.442856646243423,0.270609473886784,0.0794666160130601,0.286921303123721,0.0664764740622431,1.01407266406562,0.758619144685487,0.284266945948069,0.0856064574203479,0.457713825856158,0.064970530695267,38.4759999999999,2.53399999999988
"11435-5","extra_heavy",2000,0.7855,0.992437681462564,0.590217671127366,0.24997386711235,0.982486531018903,0.760223001812036,0.21798983953646,0.0716126471074943,0.24522197595117,0.065914242569021,0.947671403541176,1.1713256720644,0.256871909129564,0.0809969002023183,0.37181411061293,0.0632243746695731,39.9680000000001,1.95100000000002
