"sim","censoring","n","perc_censored","alpha_fc","beta_fc","gamma_fc","alpha_extrap","beta_extrap","gamma_extrap","se_alpha_extrap","se_beta_extrap","se_gamma_extrap","alpha_extrap_no","beta_extrap_no","gamma_extrap_no","se_alpha_extrap_no","se_beta_extrap_no","se_gamma_extrap_no","time_extrap","time_extrap_no"
"11434-1","extra_heavy",100,0.79,1.09136442167301,0.391221979250906,0.1239700570441,1.16573322009114,0.188109114634765,0.0821389474360609,0.341926147243177,0.466017367483755,0.276148925375044,1.21571762173168,0.403045638927821,0.0809670427786714,0.355567105977566,2.03124945122004,0.28739835436374,1.20000000000005,0.647999999999911
"11434-2","extra_heavy",100,0.82,0.87985188983766,0.777106995673703,0.409412439930453,0.831302674165226,0.142899848308794,0.487515097303124,0.415420884281649,0.207977209718811,0.322381995867399,0.728384076849701,2.07320944665427,0.457618938915964,0.422689536672043,2.21711449098587,0.301040679486728,1.17600000000004,0.549999999999955
"11434-3","extra_heavy",100,0.83,1.06313162566168,0.842887897578775,-0.0944194444508042,0.864839261028886,0.0928225947763219,-0.0856143210028468,0.30505911359961,0.0567879902477439,0.336509061067986,0.687060243726502,3.34536407345219,0.083398005183381,0.385763916918601,2.06300664440809,0.297460203047958,0.875,0.618999999999915
"11434-4","extra_heavy",100,0.69,0.92087797374225,0.129756779858965,0.17986757512958,0.827728530917392,0.86483826406428,0.178999860281933,0.348192758090274,1.94222963902617,0.300376251815635,0.862788964835998,0.742614461834889,0.172728375561571,0.343369614697389,2.27080656630091,0.299968402001308,1.34099999999989,0.567000000000007
"11434-5","extra_heavy",100,0.72,1.06649016201,0.69226995249036,0.17842962680608,1.11452293551291,0.147905103634448,0.0682877375042112,0.235085141755541,0.168225971229223,0.312219186548582,0.932816265264108,2.47436046566029,0.182972384364899,0.318723278398306,2.11567551895504,0.268635310097468,0.967999999999961,0.65300000000002
