"sim","censoring","n","perc_censored","alpha_fc","beta_fc","gamma_fc","alpha_extrap","beta_extrap","gamma_extrap","se_alpha_extrap","se_beta_extrap","se_gamma_extrap","alpha_extrap_no","beta_extrap_no","gamma_extrap_no","se_alpha_extrap_no","se_beta_extrap_no","se_gamma_extrap_no","time_extrap","time_extrap_no"
"11423-1","extra_heavy",100,0.82,1.06186872881528,0.195888058239461,0.408396685647294,1.50321335377929,-1.69191380689797,0.384643079726891,0.322994103963377,1.25342369760809,0.253820306454388,1.49934572668944,-2.18429319536056,0.414090106223142,0.323318114563953,1.63966781374664,0.250501142032323,1.24300000000005,0.585000000000036
"11423-2","extra_heavy",100,0.84,0.884722934928228,0.584422085903981,0.48147130022526,0.144759421712117,0.000668849101819107,1.343896891067,1.73469215563992,0.00119424658902548,1.73104396629554,0.695868267510126,2.05161147928628,0.455393754246189,0.458742959567328,2.26927945629341,0.300594003847524,0.814000000000078,0.536999999999921
"11423-3","extra_heavy",100,0.74,1.00204077674965,1.08351939924449,0.12366915259247,1.12371889963095,0.640959683387669,-0.0296751737299665,0.248921744838872,0.583524907083011,0.294036757815601,1.02232337836396,3.2140727177299,0.0472340797866055,0.317265517269816,3.1003716154396,0.274559735556506,1.01199999999994,0.580000000000041
"11423-4","extra_heavy",100,0.74,1.05774560608506,0.685824151235549,0.193581452247239,0.8074176781161,1.77589321458296,0.14138303349961,0.293219894232383,0.919687811793944,0.292349633581139,0.751806636034523,4.5683438061593,0.150728089680702,0.32360608010165,2.49060648769887,0.296029427946517,1.25,0.598999999999933
"11423-5","extra_heavy",100,0.76,0.961619407881019,0.337639084055673,0.416555696552756,0.961068401625813,0.321053459828035,0.412179703730754,0.275185788465172,0.649173585789755,0.272852141641174,0.845419471365589,1.60755349677719,0.398108702156946,0.290857829916902,1.68880847228902,0.262147227998202,1.06500000000005,0.531999999999925
