"sim","censoring","n","perc_censored","alpha_fc","beta_fc","gamma_fc","alpha_extrap","beta_extrap","gamma_extrap","se_alpha_extrap","se_beta_extrap","se_gamma_extrap","alpha_extrap_no","beta_extrap_no","gamma_extrap_no","se_alpha_extrap_no","se_beta_extrap_no","se_gamma_extrap_no","time_extrap","time_extrap_no"
"11430-1","extra_heavy",500,0.776,1.00196295924689,0.454756027386187,0.278549886161235,0.982248431165668,0.185809530511538,0.309312371066399,0.162146690307621,0.13996130398046,0.129676125519582,0.973036335620238,1.03717495530684,0.299185130518237,0.164042971997497,0.829629104873963,0.129481560156012,3.94500000000005,0.764999999999986
"11430-2","extra_heavy",500,0.72,1.04822325669778,0.46879995367755,0.153586038538039,1.08394065989243,0.818217498429959,0.147154119493203,0.165871371413352,0.994209748060728,0.132291954352351,1.10242455871193,0.836246625033163,0.134246949918383,0.159856683251701,1.18922168113389,0.131874873421477,7.346,0.846000000000004
"11430-3","extra_heavy",500,0.784,1.00717441921513,0.642115409015949,0.122301064968131,1.06947026315282,0.493544717791709,0.0955602404778537,0.136999297874798,0.445229486237555,0.144006636393566,1.04749512845095,0.913681364867185,0.156368539288361,0.168653582405298,1.00832797300528,0.132877320380739,6.15099999999995,0.786000000000058
"11430-4","extra_heavy",500,0.774,1.03542672092215,0.512667931282592,0.217803154427437,1.0109154960045,0.634947528636664,0.255696387886421,0.162437639408059,0.476916639372718,0.127384079727756,1.07045725806806,0.786722355173177,0.209300950911106,0.155637201961764,0.819705135104223,0.119746115438357,6.68099999999993,0.779999999999973
"11430-5","extra_heavy",500,0.74,1.04129961409067,0.413602873961248,0.251796233539989,0.783716996905764,1.30359991493046,0.350888304735583,0.157666431081503,0.44996943311826,0.134745764839922,0.85053596347051,2.09897089436454,0.225831212893421,0.15356486448074,0.817600964631255,0.130963912331876,5.28800000000001,0.701999999999998
