"sim","censoring","n","perc_censored","alpha_fc","beta_fc","gamma_fc","alpha_extrap","beta_extrap","gamma_extrap","se_alpha_extrap","se_beta_extrap","se_gamma_extrap","alpha_extrap_no","beta_extrap_no","gamma_extrap_no","se_alpha_extrap_no","se_beta_extrap_no","se_gamma_extrap_no","time_extrap","time_extrap_no"
"11427-1","extra_heavy",2000,0.7815,1.02588145259076,0.469807751041558,0.222048976221866,1.03549656938471,0.510040661154255,0.214731093535117,0.0743354724596183,0.222240732295322,0.0661591380710514,1.02612388007054,0.719569474897298,0.220635630677846,0.0810732483303573,0.322096723256487,0.0639142005756596,40.389,1.32500000000005
"11427-2","extra_heavy",2000,0.7735,1.01633638935066,0.556875557630131,0.211109213245763,1.05950062371411,0.39952521976594,0.185647556463941,0.0683303739020402,0.175033030984863,0.0641028217259597,1.03000554482526,0.785500989813032,0.224277585583852,0.0758479857303851,0.335543331914151,0.0624819615417694,21.668,1.32100000000003
"11427-3","extra_heavy",2000,0.753,0.98648621494582,0.502602741972137,0.14919415194747,1.03460898155164,0.401904634971176,0.113175723214295,0.0658860302750348,0.184490575853455,0.0649480338931568,0.992950420285419,0.731423029737632,0.149200035585991,0.0736274595782613,0.298661700000221,0.0657609635088256,16.869,1.327
"11427-4","extra_heavy",2000,0.7645,1.02525535893863,0.517025726747985,0.166379783893748,0.997943924606273,0.808355577160861,0.183905268586877,0.0763786949006752,0.294314347906512,0.0642250539060205,0.981191957949838,0.974206482758581,0.195576026370452,0.081844052309732,0.362948155220358,0.0652885658922472,41.772,1.327
"11427-5","extra_heavy",2000,0.7625,0.98992362956836,0.526668175174589,0.21597638942621,0.992495257430348,0.688271341324144,0.21273835266871,0.0740387421555622,0.286204161281763,0.0653621601803003,0.979734989719201,1.01748459986669,0.223024193165232,0.0806293054810209,0.428101076471545,0.0670508972836457,33.59,1.31599999999992
