"sim","censoring","n","perc_censored","alpha_fc","beta_fc","gamma_fc","alpha_extrap","beta_extrap","gamma_extrap","se_alpha_extrap","se_beta_extrap","se_gamma_extrap","alpha_extrap_no","beta_extrap_no","gamma_extrap_no","se_alpha_extrap_no","se_beta_extrap_no","se_gamma_extrap_no","time_extrap","time_extrap_no"
"11439-1","extra_heavy",100,0.83,1.06664786261268,0.477085460338027,0.0872411941016617,1.45111312598729,-0.0845826692163315,-0.0886929488758008,0.615995239761229,0.19157631280879,0.534662923127237,1.4340193075985,-1.00013107980823,0.0991966989619542,0.446752285913618,1.53477132981919,0.321381978469333,1.20699999999999,0.724000000000046
"11439-2","extra_heavy",100,0.78,1.1217054155861,0.180519796615898,0.126847304799935,1.1913103409384,-0.0117000989426499,0.343297410102633,0.205383240850836,0.0252830047149039,0.565772706939838,1.26951000025616,-0.932502537294058,0.139313156126565,0.404910629262928,3.09885273273216,0.316950944376822,1.16499999999996,0.692000000000007
"11439-3","extra_heavy",100,0.73,1.12633314265087,0.549054765771971,-0.0139244580837823,1.00704497881566,0.55373815648122,-0.060571691529613,0.30951712256004,0.461346556246532,0.265661834977157,0.98649607897956,2.37938494189718,-0.075809935902614,0.340301807659303,2.09040876079224,0.269235465271598,1.03200000000004,0.941000000000031
"11439-4","extra_heavy",100,0.82,1.15827933465567,0.413679790238238,0.06091074243166,1.20306738427344,0.0315629833315295,-0.0496273123291849,0.277290545491888,0.0621725484834009,0.294791696104973,1.07422861942538,1.58992275134834,0.0226900454872804,0.386212017088389,2.46000786186581,0.267413374058581,0.967000000000098,0.596000000000004
"11439-5","extra_heavy",100,0.74,1.09170237425162,0.615865375399278,0.18016051325778,1.19029407929295,0.389473900558681,0.0905036185145628,0.276363302374326,0.893440538544375,0.302039790869389,1.08104757159043,1.41233673042553,0.129460131152124,0.335839831520856,2.23145895518182,0.28805892160241,1.21100000000001,0.620999999999981
