"sim","censoring","n","perc_censored","alpha_fc","beta_fc","gamma_fc","alpha_extrap","beta_extrap","gamma_extrap","se_alpha_extrap","se_beta_extrap","se_gamma_extrap","alpha_extrap_no","beta_extrap_no","gamma_extrap_no","se_alpha_extrap_no","se_beta_extrap_no","se_gamma_extrap_no","time_extrap","time_extrap_no"
"11440-1","extra_heavy",500,0.776,0.937420834059521,0.547145552761747,0.345299784500149,0.923196421508692,0.187896285407875,0.227657966377494,0.126051528527714,0.0916210168807196,0.148569406884269,0.845504416224274,1.65493396941742,0.344204338579964,0.161717143823773,0.870790524812559,0.133684547718259,4.24099999999999,1.06299999999999
"11440-2","extra_heavy",500,0.768,0.867769562537543,0.660888178186539,0.251228971432889,0.873905501606816,0.849919374543879,0.151570731248476,0.134997882734728,0.450235009550704,0.146041223000172,0.80575576807473,1.83348523022175,0.245295874501228,0.160343000613423,0.948081561156111,0.131999171098399,7.73399999999992,1.17899999999997
"11440-3","extra_heavy",500,0.764,0.91951508108815,0.520514152167305,0.35235769380944,0.922004519010482,0.38303507163954,0.349676019188603,0.144508198457113,0.278353197909678,0.12612925372467,0.884478470657386,1.27857593265061,0.352758783225609,0.161935736650833,0.886991450467776,0.127512001575895,5.46000000000004,1.12100000000009
"11440-4","extra_heavy",500,0.772,0.967157449000165,0.526209079940961,0.302959260009966,0.896512896941393,0.518182234390036,0.233796200408653,0.127909347229103,0.238170174090522,0.132002093804465,0.782994088331026,2.52779379589554,0.331779108559539,0.160491881662081,1.09947414044036,0.123552027129206,5.19600000000003,1.13200000000006
"11440-5","extra_heavy",500,0.79,1.03627303825813,0.382789809805817,0.158969676053124,1.02294485449908,0.494873948204685,0.0858286654218521,0.136833699590491,0.392030562040238,0.128884534890533,0.999932678629618,1.00601500459362,0.13211115516378,0.164395766952162,0.878244561319343,0.12768162503643,5.95699999999999,1.12199999999996
