"sim","censoring","n","perc_censored","alpha_fc","beta_fc","gamma_fc","alpha_extrap","beta_extrap","gamma_extrap","se_alpha_extrap","se_beta_extrap","se_gamma_extrap","alpha_extrap_no","beta_extrap_no","gamma_extrap_no","se_alpha_extrap_no","se_beta_extrap_no","se_gamma_extrap_no","time_extrap","time_extrap_no"
"11437-1","extra_heavy",100,0.78,0.683204890984196,0.681901392641477,0.55304980310067,0.496969619200352,0.258616946516508,0.621626989276836,0.350521234359023,0.182706323576879,0.314902369882444,0.480712446355379,3.981651337418,0.520967007355077,0.401596716839879,3.03503554061488,0.317598854578305,1.178,0.731999999999971
"11437-2","extra_heavy",100,0.79,1.19438476192091,0.411679203025224,-0.046050204159223,1.18353667475967,0.213077770396162,0.0141346506197664,0.397750292075805,0.808675424247248,0.30265234058492,1.11426697783347,1.54410705885746,-0.0444963203040954,0.428689091310577,3.11948881487034,0.275179771685985,1.24600000000009,0.658000000000015
"11437-3","extra_heavy",100,0.81,1.14040002608865,0.576328182814313,0.316315223998753,1.16819969399994,0.330098169561208,0.275787737013636,0.292638081086496,0.623276584098343,0.322236219380369,1.03961095535152,1.56075741116773,0.344264258491609,0.373830293177905,2.03699039981295,0.290000905665853,1.13499999999999,0.605000000000018
"11437-4","extra_heavy",100,0.8,1.00144369532586,0.463656558252693,0.0905593230622897,1.01779924382546,0.110005104606547,-0.445183328175464,0.207794810304679,0.0743656951779488,0.47924149775048,0.773511025295463,2.44486842260508,0.143315263511932,0.359597523117918,2.03475616803342,0.267322952058931,0.867999999999938,0.566000000000031
"11437-5","extra_heavy",100,0.81,0.869090064378827,0.504250594454878,0.591620794519574,0.943929098202203,0.0846505189949139,0.565669285323247,0.332966897750668,0.557502011445022,0.413082598992805,0.898328329430436,0.641562918603727,0.588554059488453,0.511970619992812,3.50612137207121,0.354804354183657,1.28699999999992,0.553999999999974
