"sim","censoring","n","perc_censored","alpha_fc","beta_fc","gamma_fc","alpha_extrap","beta_extrap","gamma_extrap","se_alpha_extrap","se_beta_extrap","se_gamma_extrap","alpha_extrap_no","beta_extrap_no","gamma_extrap_no","se_alpha_extrap_no","se_beta_extrap_no","se_gamma_extrap_no","time_extrap","time_extrap_no"
"11428-1","extra_heavy",100,0.72,1.02307221559242,0.72570134170184,0.203348975757752,0.875515913262275,0.416284772050082,0.345227128474575,0.348750274845596,0.411423706661279,0.320092850106721,0.90759884221351,2.35073244929048,0.266188369262217,0.366719880409813,2.9771237063056,0.293471352972382,0.918999999999983,0.509000000000015
"11428-2","extra_heavy",100,0.78,1.25820273882207,0.65881436444436,0.0234511798335756,1.55707170992558,-0.137953671924383,0.00491911360361227,0.395450321623152,0.444463897938493,0.321299310102579,1.53261525342508,-0.55617401191134,0.0329031050603243,0.377930870939561,2.75656577653955,0.268237446334061,0.855999999999995,0.508000000000038
"11428-3","extra_heavy",100,0.78,1.07874066012667,0.473676445672158,0.266912394417613,1.13978878940099,0.274423690650436,0.231827774304926,0.303193005470465,0.598218537407937,0.277372477766942,1.03811052934147,1.41167522309124,0.22686786449061,0.362000579122272,2.01711634138168,0.277731907847354,0.927000000000021,0.502000000000066
"11428-4","extra_heavy",100,0.77,0.766875243903813,0.788724257441598,0.226140165464708,0.558886450649041,0.473640418571984,0.547392120552023,0.385465320529995,0.396750080384504,0.319519312569954,0.471805664922959,3.77414382695189,0.386506862768068,0.40111154395649,2.75288131723868,0.284107527246152,0.913999999999987,0.496999999999957
"11428-5","extra_heavy",100,0.84,0.856778285919196,0.500042991930911,0.467506580975603,1.08169191187139,-0.00235154625218533,0.492019658043722,0.469206303116163,0.0218788456024275,0.390854651073636,1.16391757062432,-0.696348224744987,0.496214396277542,0.397507659603346,2.09731246084593,0.294495318511168,0.724000000000046,0.499000000000024
