"sim","censoring","n","perc_censored","alpha_fc","beta_fc","gamma_fc","alpha_extrap","beta_extrap","gamma_extrap","se_alpha_extrap","se_beta_extrap","se_gamma_extrap","alpha_extrap_no","beta_extrap_no","gamma_extrap_no","se_alpha_extrap_no","se_beta_extrap_no","se_gamma_extrap_no","time_extrap","time_extrap_no"
"11427-1","extra_heavy",100,0.78,1.12226060756712,0.508542592600408,0.141099790956602,1.18090425987325,0.255276074992245,-0.0192079596840328,0.262038422864793,0.38891215630656,0.394441552845717,0.739026157276913,5.44013034269024,0.153531677360899,0.429861204629411,3.74072003930398,0.285033393970022,0.942000000000007,0.509999999999991
"11427-2","extra_heavy",100,0.77,1.01347748638341,0.575144278756221,0.128757429584109,0.936966407254724,1.07676553555747,0.215144695966927,0.331083838205987,1.42190537989022,0.270760760433441,0.931471649096563,1.58342868002975,0.166702440968229,0.319358022674827,1.89916313866488,0.264230585998135,1.14699999999993,0.508000000000038
"11427-3","extra_heavy",100,0.83,1.13038428412219,0.115663108146141,0.166577305402897,0.871292073064854,0.930049758128685,0.242057127612415,0.43137885255952,1.34016845632245,0.254681235870222,0.908677720580913,1.2230570900519,0.17181821562222,0.419952811927975,1.89599719626419,0.261548403334479,1.03899999999999,0.511000000000081
"11427-4","extra_heavy",100,0.78,0.909701838594933,0.844345234456736,0.403757582258758,1.01931916949955,0.592518157792854,0.0781966795920546,0.260425683544039,0.476835999332813,0.339977523351469,0.86331954723866,3.24693451138406,0.293174308397959,0.366261529975152,2.82084585894443,0.280856067139001,0.928999999999974,0.497000000000071
"11427-5","extra_heavy",100,0.76,1.20245946721292,0.192394687550045,0.236933814639325,1.25577818524877,-9.62541026066332e-06,0.248304003499556,0.1879688162778,0.000337319125008249,0.390397618103129,1.22788147141854,0.134278732628956,0.238226810114131,0.299260864290308,1.225376443785,0.266832949876856,0.783999999999992,0.497999999999934
