"sim","censoring","n","perc_censored","alpha_fc","beta_fc","gamma_fc","alpha_extrap","beta_extrap","gamma_extrap","se_alpha_extrap","se_beta_extrap","se_gamma_extrap","alpha_extrap_no","beta_extrap_no","gamma_extrap_no","se_alpha_extrap_no","se_beta_extrap_no","se_gamma_extrap_no","time_extrap","time_extrap_no"
"11422-1","extra_heavy",100,0.76,1.08911991793311,0.342171938500197,0.152372671252315,1.19552634299026,-0.023501281580669,0.182898912534055,0.374599931294406,0.295510907010912,0.293454307043054,1.21344484486219,-0.348258087064681,0.188980876683609,0.403745862411318,2.90671291041911,0.276368929651253,1.37800000000004,0.802999999999997
"11422-2","extra_heavy",100,0.81,1.00683760665374,0.594751368808622,0.247840315331112,1.5306627089431,-1.31550963383306,0.18982466523113,0.463420057837027,1.64122030800716,0.316773946878309,1.47338415080364,-1.56166619260645,0.242672989022173,0.447533629528884,2.15963905498193,0.303499711054314,1.68700000000001,0.800999999999931
"11422-3","extra_heavy",100,0.8,0.952969170596691,0.635380233732637,0.0774611680662961,0.655811941594171,0.0407307469027478,0.502394558560084,0.623225721946243,0.0461182311680152,0.616587643845525,0.948064437595645,1.74383097827145,0.0320991242773893,0.411141305579091,2.98650652607239,0.280295375877479,1.101,0.815000000000055
"11422-4","extra_heavy",100,0.75,0.909534613130502,0.715737590545471,0.265278862638127,0.879099367902472,1.06298417549303,0.330763866757926,0.382154811223861,1.38903683846477,0.29538985189276,0.898099352448655,2.33332101873282,0.245837887253581,0.402308615157831,3.07926516508927,0.294089385291839,1.98000000000002,0.855000000000018
"11422-5","extra_heavy",100,0.67,1.03563228038795,0.149441522223606,0.256833890643452,0.972763613576483,0.785285817871094,0.230689001006241,0.269886091195247,1.68340498001671,0.296496757203973,1.01633692997262,0.479473134669218,0.262605487792906,0.293089375002368,2.27882624991154,0.278189013677133,1.47399999999993,0.788000000000011
