"sim","censoring","n","perc_censored","alpha_fc","beta_fc","gamma_fc","alpha_extrap","beta_extrap","gamma_extrap","se_alpha_extrap","se_beta_extrap","se_gamma_extrap","alpha_extrap_no","beta_extrap_no","gamma_extrap_no","se_alpha_extrap_no","se_beta_extrap_no","se_gamma_extrap_no","time_extrap","time_extrap_no"
"11439-1","extra_heavy",2000,0.7625,0.980663913243007,0.507560319019908,0.242712557989138,1.01485739672533,0.355195753878315,0.244840640314668,0.0744205086640947,0.193122087116811,0.0651321777531723,1.00997556619972,0.733071266197658,0.237419912439769,0.0783641208906727,0.389132301297603,0.0638394150256268,25.063,2.30200000000002
"11439-2","extra_heavy",2000,0.7785,1.02333237141299,0.442318891425974,0.212786810388706,1.05566249177251,0.49979876327237,0.208283140171527,0.078519626132164,0.308792160438211,0.0663978633102374,1.05265331525124,0.628343342065127,0.212164681549753,0.081698825605696,0.410571206994758,0.0629859553850616,41.438,2.226
"11439-3","extra_heavy",2000,0.7755,1.06831359290159,0.481723625745807,0.199271655505178,1.1082714946156,0.430560579656361,0.169522270959889,0.072416631757243,0.225634844245003,0.0650920608705783,1.10033285359245,0.75951743551503,0.188019233094145,0.0802230128612287,0.429602770988189,0.0668163157654746,36.9269999999999,2.0469999999998
"11439-4","extra_heavy",2000,0.771,1.03575926317124,0.522903923081479,0.199662892199976,1.07229447578779,0.503418142514814,0.197718716566433,0.0807682646961447,0.284636842133914,0.0646042035622735,1.05672643857429,0.793904821415478,0.185310277611686,0.0800044778105083,0.400565268094291,0.0624032178400034,53.2360000000001,1.71199999999999
"11439-5","extra_heavy",2000,0.7715,1.03245671278959,0.534810941437879,0.186157768327171,0.984936854037922,0.872603550444442,0.205003843343748,0.0792797983689757,0.287807761081284,0.0643132466027608,0.982050581096416,1.21311399902527,0.19855747341656,0.0824265445748501,0.418264466372685,0.0641363795228913,43.9570000000001,1.53100000000018
