"sim","censoring","n","perc_censored","alpha_fc","beta_fc","gamma_fc","alpha_extrap","beta_extrap","gamma_extrap","se_alpha_extrap","se_beta_extrap","se_gamma_extrap","alpha_extrap_no","beta_extrap_no","gamma_extrap_no","se_alpha_extrap_no","se_beta_extrap_no","se_gamma_extrap_no","time_extrap","time_extrap_no"
"11437-1","extra_heavy",2000,0.7725,0.956172114208792,0.545451857671412,0.298176051002645,0.972347687355709,0.544738331377206,0.27921649163932,0.0758477568785575,0.211073165361807,0.0674953921775109,0.954597672888453,0.926190377927734,0.286139902542322,0.0790955849250074,0.35218651685446,0.0663855285955373,39.288,2.28899999999999
"11437-2","extra_heavy",2000,0.7765,1.02243015886057,0.408558117883095,0.219927045634454,1.0158087299996,0.690675899275194,0.225445943258507,0.0851275270893105,0.380041530565144,0.0642034505569055,1.01315801048024,0.827926858981841,0.21903240595105,0.0806952709935093,0.435030019770489,0.0626438198175415,63.516,1.995
"11437-3","extra_heavy",2000,0.7765,1.02959298099762,0.469631436718871,0.287003799117816,1.01856560697674,0.735661607512882,0.273216454469132,0.0759642582526903,0.295317502095058,0.0641757235522284,1.00988210406366,0.909874921779897,0.287946090447615,0.0826372303641405,0.382012390997877,0.0632651538824238,46.928,1.63299999999981
"11437-4","extra_heavy",2000,0.7935,0.96269686750444,0.526601810529632,0.340828586800428,0.92386558376962,0.864262461961457,0.364365367529486,0.0905212354898851,0.329249417488009,0.0676115051621334,0.931425411154121,1.09574071053562,0.325695732018948,0.0880382558772738,0.411603541113548,0.0665239030002577,48.6109999999999,1.71000000000004
"11437-5","extra_heavy",2000,0.7655,0.963994122134825,0.506395792619865,0.276234765293263,0.956557283054923,0.811739034247247,0.261517858641594,0.0768631752477978,0.336057568068387,0.0643356520196879,0.940207292528884,1.04475955263994,0.272094283020448,0.083292793779626,0.432180206818271,0.0648367437925316,56.9769999999999,2.29599999999982
