"sim","censoring","n","perc_censored","alpha_fc","beta_fc","gamma_fc","alpha_extrap","beta_extrap","gamma_extrap","se_alpha_extrap","se_beta_extrap","se_gamma_extrap","alpha_extrap_no","beta_extrap_no","gamma_extrap_no","se_alpha_extrap_no","se_beta_extrap_no","se_gamma_extrap_no","time_extrap","time_extrap_no"
"11435-1","extra_heavy",500,0.806,1.10594903543025,0.494739914185712,0.247108175109572,1.03866935626411,0.646790680412148,0.314952848726869,0.190086818303579,0.486340413469522,0.14676802920233,1.12305949270649,0.838341875089781,0.242487866185349,0.170990436227669,0.876991003082213,0.132578132605268,5.69600000000003,0.790000000000077
"11435-2","extra_heavy",500,0.776,0.966667621752794,0.56243491052508,0.232961107332129,0.971674337810046,0.283902001588064,0.243455622148017,0.150075003073438,0.226456150437017,0.129862571701635,0.939993025748237,1.15930371030747,0.244617702743205,0.164445101681769,0.86884933899404,0.133060261891636,4.72000000000003,1.06399999999996
"11435-3","extra_heavy",500,0.782,1.00938160670792,0.422212812334661,0.366910935524642,1.07903481178382,0.0589056508880633,0.28365262100654,0.1105753846118,0.0605941375212767,0.152416817337593,1.01264703524906,0.910464115973744,0.365184411474952,0.157281734418389,0.854902668425585,0.124920568078632,3.67500000000007,1.01400000000001
"11435-4","extra_heavy",500,0.792,1.01921067954668,0.521901092738765,0.207048309002496,0.924518245227456,1.00081991850605,0.246867714311723,0.17122997392528,0.59165594040886,0.13155420371248,0.931770187706999,1.32525714390623,0.220124165608681,0.167363599043364,0.78486844343318,0.129944219777523,8.43499999999995,0.918000000000006
"11435-5","extra_heavy",500,0.766,0.931610235108264,0.517218701857193,0.207687234439965,0.77181420187029,0.896311059152813,0.231226305020441,0.146598532087174,0.352854855449588,0.12986088514878,0.747503559707388,1.57107770909221,0.240238235353449,0.153294175399715,0.622024035713463,0.128625770779411,5.04899999999998,1.04300000000001
