"sim","censoring","n","perc_censored","alpha_fc","beta_fc","gamma_fc","alpha_extrap","beta_extrap","gamma_extrap","se_alpha_extrap","se_beta_extrap","se_gamma_extrap","alpha_extrap_no","beta_extrap_no","gamma_extrap_no","se_alpha_extrap_no","se_beta_extrap_no","se_gamma_extrap_no","time_extrap","time_extrap_no"
"11431-1","extra_heavy",500,0.752,0.973800849988559,0.534169284015236,0.287677744504357,0.946987911444609,0.275967606168951,0.297878440359239,0.144930512771868,0.176565382037543,0.133311030324195,0.912704148303883,1.34904493229856,0.280278001504717,0.156272196197457,0.840723527325301,0.136040670881845,3.47199999999998,0.770999999999958
"11431-2","extra_heavy",500,0.79,1.05399777578274,0.61656705042597,0.254166181428097,1.12657457641005,0.385467725057317,0.226296100749369,0.143170708196579,0.409021516391008,0.134157906175493,1.10750935333879,0.753510464948515,0.247354526599978,0.170937460307143,0.843228175553118,0.127344805113156,6.01499999999999,0.684000000000083
"11431-3","extra_heavy",500,0.76,1.03409674391176,0.508450854795993,0.200690257411323,0.943424291323888,0.83582766492565,0.243757788094264,0.160416668665119,0.452417480804575,0.133582666808607,0.911494095673579,2.06267433720538,0.217932450785935,0.170453259816217,1.10201949685529,0.130877572264621,5.24599999999998,0.697999999999979
"11431-4","extra_heavy",500,0.784,1.02603353216901,0.448749667833597,0.308657263231373,0.983006960628175,0.471693578508048,0.36047346145597,0.160720169298196,0.396265691732279,0.129753747651049,0.964766132961547,0.974107645413368,0.341285015544927,0.161676114252159,0.753570663360954,0.127237526725852,5.43999999999994,0.774000000000001
"11431-5","extra_heavy",500,0.764,1.08683849631361,0.302316089021461,0.129754457829093,1.12157217535848,0.109230583080774,0.12251785026001,0.137349879064278,0.221755243629301,0.133511611045976,1.10002450561118,0.547182837319507,0.128336550433553,0.158686479420807,1.04018859782552,0.125952630761661,3.65300000000002,0.899000000000001
