"sim","censoring","n","perc_censored","alpha_fc","beta_fc","gamma_fc","alpha_extrap","beta_extrap","gamma_extrap","se_alpha_extrap","se_beta_extrap","se_gamma_extrap","alpha_extrap_no","beta_extrap_no","gamma_extrap_no","se_alpha_extrap_no","se_beta_extrap_no","se_gamma_extrap_no","time_extrap","time_extrap_no"
"11433-1","heavy",2000,0.4105,1.02664840058554,0.592064892418581,0.189905843342455,0.984269127649375,0.765052356178247,0.18609546343942,0.0546884852793473,0.118148667074494,0.0638286626892242,0.974090537135289,0.810283113938155,0.197035805038637,0.0549887632014304,0.123117501029403,0.0640211138462441,104.45,1.98100000000005
"11433-2","heavy",2000,0.425,1.01801546739422,0.559370041487769,0.220654078005416,1.03960978769643,0.515532423894853,0.204293825246605,0.0602628674987232,0.120837246608338,0.0655734695996165,1.03464916306977,0.557434506095889,0.202119056722003,0.0587489021931474,0.128361883394985,0.0637461615504197,106.703,1.98199999999997
"11433-3","heavy",2000,0.4215,1.00479579043901,0.558740725328199,0.240178737106669,1.04925434357195,0.415199284027436,0.227959403888506,0.0572779945644587,0.108851773642534,0.0628916357588942,1.04608617537466,0.452488682601673,0.227618376225729,0.0577577678387398,0.124283147192292,0.0620657890441598,100.808,1.39800000000002
"11433-4","heavy",2000,0.4345,0.922455736967758,0.525734637618569,0.307265603263841,0.936239865481355,0.482901653738957,0.30959139486944,0.0578156549874969,0.121254097604168,0.0647866360142757,0.934915069282204,0.493456767158228,0.317259646176267,0.0588416548571194,0.121643044382098,0.0641807999606776,104.677,1.83299999999997
"11433-5","heavy",2000,0.4205,0.972979931610053,0.47256703278151,0.318712587186253,0.992288425963155,0.384131850623586,0.327987416613668,0.0568616403470604,0.109919497657159,0.064120014956397,0.992000126077079,0.406583514405745,0.325969863970844,0.059147065878066,0.121432425560342,0.0650933891140367,92.7959999999999,1.572
