"sim","censoring","n","perc_censored","alpha_fc","beta_fc","gamma_fc","alpha_extrap","beta_extrap","gamma_extrap","se_alpha_extrap","se_beta_extrap","se_gamma_extrap","alpha_extrap_no","beta_extrap_no","gamma_extrap_no","se_alpha_extrap_no","se_beta_extrap_no","se_gamma_extrap_no","time_extrap","time_extrap_no"
"11441-1","heavy",100,0.45,0.895725773565748,0.517076626933307,0.292427280743827,0.851077787504896,0.529737893736401,0.24351823068998,0.263112865801242,0.380403244407362,0.332334902437177,0.84768801430555,0.704294840147465,0.266921993848055,0.27581044710722,0.572334274789661,0.319179887453916,1.44099999999997,0.81899999999996
"11441-2","heavy",100,0.38,0.71961063521226,0.302227670142456,0.541491004819251,0.729545708256202,0.278866723486979,0.532761589417952,0.198871246333503,0.323178235497971,0.238200373867635,0.707408164967476,0.360358041581546,0.545082016586324,0.221198309218531,0.423257313806792,0.239656702369494,1.55799999999999,0.867999999999995
"11441-3","heavy",100,0.51,1.11729989927228,0.123311213154549,0.254288176542046,1.02120393328575,0.602141699029477,0.143144638687781,0.209835374071345,0.529717058516057,0.268460376593285,1.0493758447345,0.377337305414755,0.237847431678486,0.244283231095656,0.591047968388557,0.248286535504933,2.24000000000001,0.836000000000013
"11441-4","heavy",100,0.33,0.910649825194306,0.289240298397974,0.407321935629753,0.921627967723628,0.352290106933758,0.435556290054458,0.275431438489927,0.985107153847683,0.311630223882237,0.91905691120196,0.335769813572091,0.454967133337089,0.280255970330636,1.11342316397095,0.311592165278135,1.78100000000001,0.830000000000041
"11441-5","heavy",100,0.29,1.11661710796519,0.493346522946032,0.210787552883913,1.09377966322453,0.628435897733339,0.226545625735215,0.252000793018522,0.829582014577451,0.280249609115185,1.08019694125588,0.710078144745067,0.256027433149537,0.248200488417537,0.825566995425485,0.279638285629477,1.49099999999999,0.809000000000026
