"sim","censoring","n","perc_censored","alpha_fc","beta_fc","gamma_fc","alpha_extrap","beta_extrap","gamma_extrap","se_alpha_extrap","se_beta_extrap","se_gamma_extrap","alpha_extrap_no","beta_extrap_no","gamma_extrap_no","se_alpha_extrap_no","se_beta_extrap_no","se_gamma_extrap_no","time_extrap","time_extrap_no"
"11424-1","heavy",100,0.51,1.03641812498674,0.698390114479588,0.265904424919308,1.1072995305994,0.231263966538384,0.30368932253613,0.248551200819434,0.258703679906038,0.281483066059831,1.10127537735415,0.385345652105764,0.268824775589617,0.253687312995552,0.425570407126759,0.261363872787208,1.29900000000001,0.527000000000015
"11424-2","heavy",100,0.43,1.26455313697814,0.163823948864332,0.0408778864725649,1.22727107956332,0.31187529734919,0.054832376990193,0.302655832580522,0.741646900615135,0.287567143461294,1.22110979952446,0.372204950646353,0.0339366915193711,0.293725688588897,0.75784050218647,0.288121013286288,1.381,0.576999999999998
"11424-3","heavy",100,0.48,1.05883456261021,0.459573517791383,0.131295565303093,0.953662224738501,1.01578772742804,0.0929851453496465,0.24714611632552,0.73456863236222,0.28830016583106,0.980521366713826,0.843265299798639,0.147115704997237,0.272871835198861,0.760337819552679,0.276395307907558,1.76400000000001,0.591999999999985
"11424-4","heavy",100,0.42,1.06061315104292,0.391852177684512,-0.0345085806362708,1.11149208380363,0.200355786892109,-0.0572016848290445,0.240197069411726,0.48490856052028,0.285227213988222,1.11992143010208,0.248809588641718,-0.0782884093467231,0.233813765905344,0.591763197632424,0.279891337987215,1.20600000000002,0.580000000000013
"11424-5","heavy",100,0.45,1.11053793341263,0.636637819456526,0.12479538295205,1.03213651338837,0.891831814853129,0.0950586328805459,0.232410745171355,0.450300846408357,0.281736685259255,0.973219106384857,1.07916887470042,0.163994176686361,0.252800329529653,0.560957222932874,0.279462816228105,1.22200000000001,0.576999999999998
