"sim","censoring","n","perc_censored","alpha_fc","beta_fc","gamma_fc","alpha_extrap","beta_extrap","gamma_extrap","se_alpha_extrap","se_beta_extrap","se_gamma_extrap","alpha_extrap_no","beta_extrap_no","gamma_extrap_no","se_alpha_extrap_no","se_beta_extrap_no","se_gamma_extrap_no","time_extrap","time_extrap_no"
"11422-1","heavy",500,0.416,0.98874535831891,0.616836174602918,0.247073728134207,0.993507987753721,0.495097786522079,0.263901822307103,0.106249196254419,0.175478732042638,0.129611552572029,0.971401408815909,0.627611250245515,0.271603929861034,0.109468368874765,0.212376735845491,0.129733902825082,12.49,0.897999999999968
"11422-2","heavy",500,0.42,1.01765132341704,0.462749801884184,0.303224526219725,0.994978714327214,0.63932179182559,0.261682012730093,0.100297626996989,0.250688608996734,0.133656905249344,0.967958134290992,0.660790625179067,0.330542352351002,0.109348902937091,0.279868313645564,0.125242247246726,11.247,1.166
"11422-3","heavy",500,0.422,1.05653457847524,0.326487252226539,0.249513106752042,1.12994394414487,0.0882125668394147,0.243850382728156,0.111854793511418,0.222959761103213,0.132326176288839,1.13817980155016,0.0734087735149185,0.238333356838851,0.119370026797637,0.280078042389936,0.132043578969797,14.237,1.44100000000003
"11422-4","heavy",500,0.412,0.872958885342725,0.625968252722015,0.412298658426578,0.828718897002163,0.780797021810045,0.399041014131274,0.11435652642573,0.242385547461999,0.128631325479467,0.821498230701026,0.830996862337166,0.392825149298294,0.117736062820412,0.267657446865407,0.127938139252404,13.472,1.25800000000004
"11422-5","heavy",500,0.43,0.987793341004509,0.640694981108824,0.306737509160563,0.923204306495265,0.884430123299912,0.296677052953563,0.106208394083323,0.23881555274869,0.12370560843031,0.908438516638695,1.01348403049882,0.305062332488511,0.106508432896997,0.273168085932946,0.125846078330132,13.255,1.137
