"sim","censoring","n","perc_censored","alpha_fc","beta_fc","gamma_fc","alpha_extrap","beta_extrap","gamma_extrap","se_alpha_extrap","se_beta_extrap","se_gamma_extrap","alpha_extrap_no","beta_extrap_no","gamma_extrap_no","se_alpha_extrap_no","se_beta_extrap_no","se_gamma_extrap_no","time_extrap","time_extrap_no"
"11430-1","heavy",2000,0.4255,1.02113316215656,0.426078447483852,0.272252723197669,1.01822942606443,0.424699594162996,0.27115120330058,0.0549770530536153,0.10936339970706,0.0624176845191299,1.01146605680906,0.449346657430866,0.277095560821373,0.0561004790817305,0.118375526267461,0.062843985314387,113.458,1.70800000000003
"11430-2","heavy",2000,0.4025,0.931634229672117,0.445721740036378,0.329771199655991,0.911187722454171,0.481799075671142,0.332620810322412,0.054214512105277,0.106518793856632,0.0647900097743416,0.895555713361754,0.573357584228026,0.340261835961559,0.0570025405761092,0.122330142501093,0.0637107847247606,68.475,1.98200000000003
"11430-3","heavy",2000,0.3975,1.00332232497439,0.614050575998789,0.21043490546366,1.01113450934887,0.626612624641901,0.212792547219024,0.0583131187617825,0.134707823768694,0.06520740118548,1.00492940622275,0.640158660472008,0.214971238538745,0.0573540841471146,0.134835059584602,0.0625789133860971,69.896,2.00300000000004
"11430-4","heavy",2000,0.417,1.03367817639072,0.454198518553303,0.235532093182222,1.02258523847409,0.498524065573994,0.237446402400093,0.0574573490160892,0.119473122364213,0.0636601267208321,1.02117673842053,0.545974161140721,0.227605261942904,0.0580580779164653,0.126583566761094,0.0643815853846915,107.773,1.54899999999998
"11430-5","heavy",2000,0.412,0.977073843738847,0.589892890931109,0.183934065096372,0.98674437033484,0.563054784600829,0.168862003047881,0.055221457293432,0.104678645230165,0.0625395624662754,0.957522999889361,0.682753823390486,0.187341656390574,0.057012742196413,0.125379822088467,0.0632616974058381,63.996,1.42599999999993
