"sim","censoring","n","perc_censored","alpha_fc","beta_fc","gamma_fc","alpha_extrap","beta_extrap","gamma_extrap","se_alpha_extrap","se_beta_extrap","se_gamma_extrap","alpha_extrap_no","beta_extrap_no","gamma_extrap_no","se_alpha_extrap_no","se_beta_extrap_no","se_gamma_extrap_no","time_extrap","time_extrap_no"
"11428-1","heavy",2000,0.3955,1.04397159825065,0.497801713214944,0.190438661909587,1.00088282652952,0.607048229133518,0.208576299488559,0.0556937236539506,0.103652076927041,0.0632147935127548,1.00573472620816,0.613866657539866,0.194122839657593,0.0545918287663551,0.109933446097102,0.0632685732943325,71.466,1.27999999999997
"11428-2","heavy",2000,0.397,0.97431568641426,0.58326661230258,0.295738056947662,0.962882544836949,0.607935693114673,0.295580540598451,0.0563027661006184,0.109630304528359,0.0641297429621023,0.965499243863059,0.620758103869409,0.282323786457898,0.0563675577784764,0.111691387792775,0.0636404699884732,69.162,1.27700000000004
"11428-3","heavy",2000,0.4115,0.973905919987469,0.542854803653356,0.283539944553454,0.983163301523653,0.568982060800588,0.279369043969389,0.0581448493859813,0.134546746203583,0.0652563877479986,0.985975449261293,0.573909652356392,0.280699556190842,0.0603908701292438,0.141240003652243,0.0676964634813527,74.29,1.28300000000002
"11428-4","heavy",2000,0.4265,0.965971703249591,0.500909415955216,0.299857042625723,0.96035527115857,0.507255184171693,0.287301093727274,0.0554085605154989,0.109704592351675,0.0634669896822737,0.952835008059269,0.541074939688734,0.294991597603398,0.0564031458921466,0.116073705601025,0.0624144873427967,91.7440000000001,1.29099999999994
"11428-5","heavy",2000,0.4,0.985094537522262,0.475631674246216,0.258473550438047,0.973698838805265,0.527666758037551,0.273875705999688,0.0583244306195758,0.131414320968823,0.064505204425387,0.973311053245091,0.536028857004114,0.266145542255722,0.0580934461685544,0.130597858093228,0.0641641907690753,68.8339999999999,1.40800000000002
