"sim","censoring","n","perc_censored","alpha_fc","beta_fc","gamma_fc","alpha_extrap","beta_extrap","gamma_extrap","se_alpha_extrap","se_beta_extrap","se_gamma_extrap","alpha_extrap_no","beta_extrap_no","gamma_extrap_no","se_alpha_extrap_no","se_beta_extrap_no","se_gamma_extrap_no","time_extrap","time_extrap_no"
"11434-1","heavy",500,0.416,0.898791245832165,0.801701730289792,0.388424674162214,0.830613896616776,0.964443316504577,0.403185111833068,0.107167517984365,0.233699798927219,0.121455396722143,0.816772457250796,1.07059100102529,0.411798181690172,0.1084304007781,0.26050625646694,0.12769339535687,11.665,0.757999999999981
"11434-2","heavy",500,0.416,0.98516276194204,0.453055748165977,0.306111140161461,0.950056996626351,0.5169597337396,0.328409989267506,0.118557882703926,0.231916276567245,0.126262190081523,0.983072041823134,0.497097160893179,0.293259189542073,0.118378028851972,0.260743455330757,0.123241915226384,12.197,0.829000000000008
"11434-3","heavy",500,0.428,1.01718810636825,0.598648935046156,0.340785246527605,1.0097564823198,0.654016510414711,0.351282763907642,0.113507764886053,0.271183917796781,0.121393090070961,1.01234428082007,0.665694186114658,0.34200726780652,0.112622721751641,0.267346966415826,0.121957953169194,12.6,0.737000000000023
"11434-4","heavy",500,0.424,0.93881623900242,0.485656862787404,0.314059865729996,0.893831582568795,0.647162456891833,0.315810418503865,0.110265031433048,0.23472759768587,0.1242680779937,0.893914148295082,0.697020331032932,0.303883813356829,0.112114758622034,0.242882942227948,0.1284300476604,12.556,0.898000000000025
"11434-5","heavy",500,0.43,1.04162091497735,0.418261731883193,0.231662094658647,1.06684935843344,0.391835071518929,0.230918949717562,0.114342595163054,0.292067670998541,0.13199690533859,1.05915405570818,0.402125739713374,0.234636073785817,0.121623228809289,0.305227434179851,0.134233517939224,10.184,0.87700000000001
