"sim","censoring","n","perc_censored","alpha_fc","beta_fc","gamma_fc","alpha_extrap","beta_extrap","gamma_extrap","se_alpha_extrap","se_beta_extrap","se_gamma_extrap","alpha_extrap_no","beta_extrap_no","gamma_extrap_no","se_alpha_extrap_no","se_beta_extrap_no","se_gamma_extrap_no","time_extrap","time_extrap_no"
"11429-1","heavy",500,0.42,0.942783158169279,0.608815633650269,0.230345923911584,0.949887449942701,0.528647812706419,0.248798945029532,0.125392137909623,0.214233920983797,0.134052919076892,0.95897862516371,0.586455566180677,0.21594149108131,0.117505505860819,0.226039024057207,0.132392232435157,10.171,0.632000000000005
"11429-2","heavy",500,0.414,1.12684936458205,0.455430251385942,0.173950835084628,1.12399381845316,0.414667409028776,0.162030450919332,0.115351603554833,0.178589660733145,0.133499151653968,1.1170697219492,0.497916885994358,0.154566902138338,0.117647092402441,0.214506662818667,0.133534422274768,10.915,0.624000000000024
"11429-3","heavy",500,0.428,1.01749629556035,0.658149876088478,0.183040783931219,1.04116423074744,0.719738956376308,0.155473229320394,0.126108729257541,0.285314629369865,0.136206944263802,1.02940674992747,0.767169683508676,0.166259547208961,0.128108311353862,0.310154935736971,0.138985416097448,9.84299999999999,0.625999999999976
"11429-4","heavy",500,0.418,1.04668208868017,0.487460830316413,0.14845747690982,1.11712014974667,0.27907368833169,0.146352654119507,0.121329799354626,0.243617994798207,0.12977126278302,1.1178277899107,0.29911080548742,0.140808928274347,0.128422357249752,0.28356707334808,0.131140960112943,7.57599999999999,0.63300000000001
"11429-5","heavy",500,0.394,0.891331149346551,0.60137738437933,0.357168075656634,0.893544058593168,0.647776464427405,0.35583192008875,0.106821483265017,0.236792298202858,0.128580238801342,0.880169475522761,0.707654385053883,0.370296033046434,0.108931025676837,0.254336772893099,0.128209365333738,10.317,0.633999999999986
