"sim","censoring","n","perc_censored","alpha_fc","beta_fc","gamma_fc","alpha_extrap","beta_extrap","gamma_extrap","se_alpha_extrap","se_beta_extrap","se_gamma_extrap","alpha_extrap_no","beta_extrap_no","gamma_extrap_no","se_alpha_extrap_no","se_beta_extrap_no","se_gamma_extrap_no","time_extrap","time_extrap_no"
"11428-1","heavy",500,0.438,0.898834268603428,0.433568716319595,0.406561861223687,0.925987939648294,0.323516822673996,0.427907017102791,0.114736945324166,0.227601489252092,0.124812741732717,0.930607006100763,0.347991619090174,0.4147698750028,0.114425839909281,0.25027603489758,0.125637622103547,9.405,0.635000000000019
"11428-2","heavy",500,0.394,0.977412084816204,0.298091302898952,0.346815962917518,0.996007784492451,0.227030411267228,0.351082073756305,0.113911713977259,0.293812554463017,0.125910551463443,1.00841511090023,0.198529459586799,0.342638130611782,0.108723761068699,0.316203936916871,0.12402113377221,7.40600000000001,0.629000000000019
"11428-3","heavy",500,0.422,0.989630042685533,0.683984699412469,0.298712728489534,0.920590800691388,0.876250588293073,0.340972443248097,0.121421224231694,0.25639278974437,0.13244276853898,0.933056289698227,0.917971962392528,0.314920978906061,0.116956763220182,0.263174459456278,0.129092108799345,10.737,0.631
"11428-4","heavy",500,0.376,1.00617334641838,0.465041593661004,0.295476044242203,1.02964420467456,0.387517019846534,0.303051407898475,0.112907630979188,0.223928634454415,0.126660161102084,1.02344242361754,0.410172782066527,0.312099432689398,0.111142217096332,0.234709441425766,0.12995069705349,10.01,0.631
"11428-5","heavy",500,0.406,0.891166302256863,0.524172066016774,0.311956684287473,0.885250814407473,0.526022823126833,0.314977001314408,0.104660128837397,0.209031478249354,0.127799829012228,0.883034584963685,0.590467377751565,0.314906982823894,0.105962569624295,0.238347340195191,0.12665164200018,8.661,0.631999999999977
