"sim","censoring","n","perc_censored","alpha_fc","beta_fc","gamma_fc","alpha_extrap","beta_extrap","gamma_extrap","se_alpha_extrap","se_beta_extrap","se_gamma_extrap","alpha_extrap_no","beta_extrap_no","gamma_extrap_no","se_alpha_extrap_no","se_beta_extrap_no","se_gamma_extrap_no","time_extrap","time_extrap_no"
"11430-1","heavy",100,0.38,1.06793075450069,0.360777000951425,0.323791749993579,1.0466266072217,0.436314365138661,0.321041280945131,0.246838731555824,0.488354759358808,0.26783563053471,1.02144081302353,0.560951646387563,0.336557127223452,0.250751915998975,0.575327882334862,0.264640530215727,1.53699999999998,0.671999999999997
"11430-2","heavy",100,0.32,1.1243852471095,0.389244072593958,0.379702333092537,1.17554016632624,0.209466976294844,0.384818818722851,0.239085601794635,0.510031037848144,0.271682728123356,1.18059139931392,0.261283434082998,0.365621969548189,0.244657828468886,0.563544524215134,0.275041360215073,1.404,0.545000000000016
"11430-3","heavy",100,0.35,1.45825798948508,-0.502230459524295,-0.106021563696953,1.37304214173859,-0.160096567671177,-0.0899354356966155,0.242490841995262,0.560443965783767,0.252322233762128,1.38199422656413,-0.22022755554735,-0.0777216652627517,0.243054881404593,0.631629485414776,0.250545705811385,1.22,0.545000000000016
"11430-4","heavy",100,0.41,1.02306693794553,0.14427921463652,0.536800195310347,0.980233527969518,0.222166638988534,0.553155980609592,0.295854336835143,0.469258341095439,0.331485061231301,1.02807425755823,0.110791992154612,0.53803479470276,0.295355694744673,0.513876004101972,0.330441833619314,1.547,0.673999999999978
"11430-5","heavy",100,0.38,1.15477631984142,0.428635933621261,0.000130853165605393,1.24884929902601,0.310598040814804,-0.0322805891917271,0.29574148405654,0.878801949018924,0.270666927580992,1.25952440730125,0.328112240246171,-0.0687655950468057,0.281854999493425,0.796684486318959,0.278296444832199,1.53299999999999,0.615000000000009
