"sim","censoring","n","perc_censored","alpha_fc","beta_fc","gamma_fc","alpha_extrap","beta_extrap","gamma_extrap","se_alpha_extrap","se_beta_extrap","se_gamma_extrap","alpha_extrap_no","beta_extrap_no","gamma_extrap_no","se_alpha_extrap_no","se_beta_extrap_no","se_gamma_extrap_no","time_extrap","time_extrap_no"
"11426-1","heavy",100,0.29,0.911655140602953,0.551266614636347,0.285568994971154,0.997061603211689,0.303661036491221,0.245199309886432,0.226097068217871,0.701567084981825,0.270321832809058,0.979855919842081,0.443074252090891,0.251521074547555,0.235197857110419,0.760031103959402,0.272977189214108,1.07499999999999,0.507999999999981
"11426-2","heavy",100,0.36,0.718800217352331,0.585834112206524,0.596254321330282,0.602541040660803,0.942799805007534,0.662089610508906,0.282849573921295,0.594349752066192,0.290446945244424,0.638873785857094,1.05517066613395,0.605180155978472,0.285800378287172,0.763142298845849,0.290872172782076,1.07300000000001,0.50200000000001
"11426-3","heavy",100,0.41,0.985642261445509,0.335105961374569,0.277657138386348,1.07091989011301,0.0178471424607494,0.319216875086898,0.259556146781237,0.7531348367316,0.303510881926596,1.07813500032175,-0.00638886695351494,0.317949043275544,0.260485918450729,0.798061222368231,0.291663553357097,1.30199999999999,0.502999999999986
"11426-4","heavy",100,0.48,1.27111561353995,0.415205138606395,0.105100351318085,1.20532327577456,0.728462842325964,0.11285538471354,0.254401461438855,0.571815605742914,0.268995165020184,1.20741086174902,0.858497440079823,0.0712474028467447,0.24190515199287,0.613114260828448,0.274542862360396,1.45100000000002,0.512
"11426-5","heavy",100,0.35,0.954698036420549,0.2819044062828,0.224304785114318,1.00544910116176,0.11890028141702,0.213840616897834,0.291861233339489,0.478411214962267,0.317947845208369,0.948596570095074,0.310450132486911,0.216651757496838,0.276717271747018,0.588340584942409,0.311674745684665,1.239,0.511000000000024
