"sim","censoring","n","perc_censored","alpha_fc","beta_fc","gamma_fc","alpha_extrap","beta_extrap","gamma_extrap","se_alpha_extrap","se_beta_extrap","se_gamma_extrap","alpha_extrap_no","beta_extrap_no","gamma_extrap_no","se_alpha_extrap_no","se_beta_extrap_no","se_gamma_extrap_no","time_extrap","time_extrap_no"
"11423-1","heavy",2000,0.4185,1.00968367481857,0.568371660793674,0.190872641837574,1.01864310309143,0.484758885783429,0.1884019581609,0.0534055984358617,0.103595008029067,0.0638964716237023,1.01280997369701,0.530354905332139,0.194009297648287,0.0563412441978611,0.111532352476551,0.065037606464476,93.801,1.50900000000001
"11423-2","heavy",2000,0.4125,0.969276341978263,0.562709475668337,0.233723517027806,0.967566306402854,0.534984106910157,0.248104064253254,0.0577422865359099,0.113053565940271,0.0658952457300002,0.964637844880226,0.577058426407493,0.242073802032344,0.0574613015582559,0.118923418932537,0.0660424162178069,78.135,1.53300000000002
"11423-3","heavy",2000,0.4045,0.969043008481979,0.432872403312602,0.217840191413823,0.986301610168856,0.393923307382212,0.218975416966913,0.0548558439630728,0.121971966879168,0.0650629298601994,0.983509506747175,0.420219361146638,0.219268652723136,0.0575986293340122,0.134339122116773,0.0650298795122881,69.518,1.54899999999998
"11423-4","heavy",2000,0.4015,0.985760166484553,0.450671173322337,0.250890336499112,0.990653939472419,0.460017080034977,0.250810525863622,0.0591242699032296,0.128092301805146,0.0647100854148531,0.985133228463093,0.480658703501793,0.258853846996834,0.0586922821904139,0.129387252970729,0.0660489476060474,87.471,1.50199999999995
"11423-5","heavy",2000,0.413,0.980063027075496,0.42742113162078,0.276733188799625,0.972511488339888,0.401248851067812,0.272805209023535,0.0539037528561036,0.0994754027757072,0.0638873811438604,0.966606124831199,0.457201165911578,0.277205053470701,0.056006815060747,0.113198515288017,0.0642733346002921,83.2859999999999,1.51400000000001
