"sim","censoring","n","perc_censored","alpha_fc","beta_fc","gamma_fc","alpha_extrap","beta_extrap","gamma_extrap","se_alpha_extrap","se_beta_extrap","se_gamma_extrap","alpha_extrap_no","beta_extrap_no","gamma_extrap_no","se_alpha_extrap_no","se_beta_extrap_no","se_gamma_extrap_no","time_extrap","time_extrap_no"
"11437-1","heavy",100,0.36,0.683204890984196,0.681901392641477,0.55304980310067,0.546089078345527,1.36487061536696,0.526300973091146,0.243035069768385,0.57272138741858,0.297522702261364,0.520224051247428,1.5284202277372,0.555716699616534,0.256325878350422,0.63094536182018,0.293619160963225,1.577,0.66700000000003
"11437-2","heavy",100,0.35,1.19438476192091,0.411679203025224,-0.046050204159223,1.13293605652092,0.872683872770349,-0.104812704026935,0.23048595882859,0.700170600453072,0.292089161304315,1.13830687055122,0.909084884044142,-0.0839713941644278,0.235813938568813,0.802932176333593,0.283477384982349,1.33300000000003,0.634000000000015
"11437-3","heavy",100,0.4,1.14040002608865,0.576328182814313,0.316315223998753,1.24733828963838,0.125864677704344,0.338756252865601,0.216267833757575,0.322125399274021,0.289412146759094,1.24167127781956,0.175329014082775,0.334731386883573,0.221299544458097,0.411138768934968,0.286470240890896,1.38899999999995,0.593999999999994
"11437-4","heavy",100,0.47,1.00144369532586,0.463656558252693,0.0905593230622897,0.988194092087982,0.534279816716866,0.0793735560532143,0.233580421641438,0.455718258982852,0.272185023484954,0.951888855082977,0.539568324905003,0.126955438594048,0.251071171855724,0.478107095818358,0.274526376293967,1.63399999999996,0.619000000000028
"11437-5","heavy",100,0.37,0.869090064378827,0.504250594454878,0.591620794519574,0.902108408722842,0.371047970692805,0.587460485576258,0.315453689078996,0.769319686457063,0.344284396267071,0.897833539136085,0.527820396271638,0.549059408901105,0.334456426427192,0.924983094204349,0.354202754446963,1.47399999999999,0.759000000000015
