"sim","censoring","n","perc_censored","alpha_fc","beta_fc","gamma_fc","alpha_extrap","beta_extrap","gamma_extrap","se_alpha_extrap","se_beta_extrap","se_gamma_extrap","alpha_extrap_no","beta_extrap_no","gamma_extrap_no","se_alpha_extrap_no","se_beta_extrap_no","se_gamma_extrap_no","time_extrap","time_extrap_no"
"11437-1","heavy",500,0.418,0.949694492039308,0.415591772653967,0.324548901848485,0.900948514075097,0.525103289129676,0.327476651628222,0.109457049650558,0.222913260488035,0.128845345138121,0.898469286360497,0.563171315971724,0.323303544517581,0.109841400083598,0.239448962602631,0.125797777158234,15.36,0.860000000000014
"11437-2","heavy",500,0.426,1.05812179537411,0.529872891503708,0.241773156538993,0.937437298234212,1.05041143809043,0.232654194830998,0.114928669075672,0.294683462350253,0.127553139692093,0.918850666044075,1.067943205061,0.267641285470026,0.116007693325072,0.296371452462583,0.121759719461021,12.88,1.00900000000001
"11437-3","heavy",500,0.41,1.12430305983065,0.501889718284056,0.201082735489574,1.12507347316369,0.484665045299819,0.171480970212627,0.105705250273271,0.205159660782028,0.130342595771026,1.10558901600971,0.545306629824917,0.195487216974336,0.11346254483564,0.22074489983712,0.130424983585523,16.764,1.077
"11437-4","heavy",500,0.41,0.947804404552385,0.627915640936843,0.191907032396512,1.00222753570977,0.513125775821903,0.175734465776812,0.110418243679238,0.23049835361412,0.123389379641535,1.00685822376093,0.551158304361542,0.165635307348647,0.113545822562148,0.26195722000639,0.122366448346805,12.014,1.02699999999999
"11437-5","heavy",500,0.408,1.01384231515106,0.5288608941783,0.136538452567599,1.03999811467006,0.408442122407745,0.149111057513505,0.120916268702098,0.261635425697957,0.129683137042015,1.042441675409,0.454768351097632,0.125222229532491,0.11464391271321,0.277645880481442,0.125721675311039,10.538,1.029
