"sim","censoring","n","perc_censored","alpha_fc","beta_fc","gamma_fc","alpha_extrap","beta_extrap","gamma_extrap","se_alpha_extrap","se_beta_extrap","se_gamma_extrap","alpha_extrap_no","beta_extrap_no","gamma_extrap_no","se_alpha_extrap_no","se_beta_extrap_no","se_gamma_extrap_no","time_extrap","time_extrap_no"
"11422-1","heavy",100,0.44,1.08911991793311,0.342171938500197,0.152372671252315,1.06012742640093,0.44118996911783,0.171959303766433,0.269082005942646,0.632339606711213,0.275954403241049,1.05463873223834,0.448244601385378,0.175926223309187,0.280181876188026,0.679135059664342,0.285822723327885,1.93400000000003,0.968000000000018
"11422-2","heavy",100,0.42,1.00683760665374,0.594751368808622,0.247840315331112,1.10726316088407,0.253850159028304,0.262851746441313,0.29555448221878,0.55094442015622,0.310536125034704,1.14215533329685,0.235599038848099,0.244988074854001,0.299398144736235,0.614597561168091,0.316385024012861,1.51800000000003,0.826000000000022
"11422-3","heavy",100,0.45,0.952969170596691,0.635380233732637,0.0774611680662961,0.952718347660133,0.43916545504837,0.130985977068414,0.285976442710734,0.467825908978788,0.291259139936685,0.987846325140606,0.549364274632917,0.0457779376799699,0.263168922700245,0.567469006642666,0.276684676555308,2.13299999999998,0.795999999999992
"11422-4","heavy",100,0.44,0.909534613130502,0.715737590545471,0.265278862638127,0.956915562786046,0.516904212819087,0.295763049215279,0.291576585170854,0.514855182426042,0.303116648900375,0.926772798454354,0.777924532484283,0.280427388125294,0.285279510606803,0.657597607662173,0.285862460535585,2.04300000000001,0.853999999999985
"11422-5","heavy",100,0.32,1.03563228038795,0.149441522223606,0.256833890643452,1.08696622017874,-0.0932227285830109,0.255835322517018,0.240219966746885,0.651212509666226,0.280496837780578,1.08904071817959,-0.124466845260724,0.270446447188443,0.242620117780524,0.681726632693854,0.283321277274118,1.45999999999998,0.875
