"sim","censoring","n","perc_censored","alpha_fc","beta_fc","gamma_fc","alpha_extrap","beta_extrap","gamma_extrap","se_alpha_extrap","se_beta_extrap","se_gamma_extrap","alpha_extrap_no","beta_extrap_no","gamma_extrap_no","se_alpha_extrap_no","se_beta_extrap_no","se_gamma_extrap_no","time_extrap","time_extrap_no"
"11438-1","heavy",2000,0.385,0.975858438951503,0.570360927287646,0.23601739225453,0.990163068429852,0.570064688371269,0.238956715405064,0.0583673881289224,0.123002040429928,0.0655595983512875,0.988381775356403,0.630666401990833,0.228092100090068,0.060583890566039,0.140944563472643,0.0664725731621602,67.07,1.62899999999996
"11438-2","heavy",2000,0.4285,0.99920104098148,0.585501081786206,0.232144187300835,0.979622731590495,0.70596223973212,0.231384611304309,0.0567877985946764,0.126294084561633,0.065217894798419,0.970893134536968,0.717602584538833,0.243292005617043,0.0599468840521201,0.13194894335329,0.0658621662199161,116.606,2.28599999999994
"11438-3","heavy",2000,0.4085,1.01311553627714,0.434560896536343,0.277891274788124,0.982845276934359,0.594110732071329,0.263414418171977,0.0555776615406459,0.123870890278439,0.0622076882912808,0.973314107669987,0.603098615528405,0.280743110594345,0.0553309878765498,0.120225965621865,0.0620085722234382,63.808,2.62900000000002
"11438-4","heavy",2000,0.423,0.961515041806463,0.435646511917294,0.289696746354777,0.92781769125088,0.60347255066895,0.271218584684788,0.0540729603381061,0.12379183397326,0.0649434344128389,0.919823945739724,0.614037730752775,0.283069017151648,0.0550914489390476,0.12089167300214,0.0641788471370582,92.335,2.01400000000001
"11438-5","heavy",2000,0.4095,1.06413345942055,0.516944323574898,0.158079866252103,1.04934507147526,0.576043344460061,0.154341806528121,0.0558256115861628,0.125155557115755,0.0624285966787051,1.04594972815054,0.604724187528484,0.155380031015137,0.0560258947119307,0.127189973171217,0.060417012615605,85.058,2.178
