"sim","censoring","n","perc_censored","alpha_fc","beta_fc","gamma_fc","alpha_extrap","beta_extrap","gamma_extrap","se_alpha_extrap","se_beta_extrap","se_gamma_extrap","alpha_extrap_no","beta_extrap_no","gamma_extrap_no","se_alpha_extrap_no","se_beta_extrap_no","se_gamma_extrap_no","time_extrap","time_extrap_no"
"11436-1","heavy",500,0.346,1.00352805455256,0.658484516565705,0.10942965508261,0.992258553888531,0.784810346519268,0.103878201704356,0.108206643323916,0.259248443562711,0.125031822938409,0.984650097315941,0.837549196426244,0.117322709828231,0.1090338353031,0.285169673788291,0.125113673301899,10.473,0.980000000000018
"11436-2","heavy",500,0.374,0.936783240187509,0.423713328311409,0.399538132833284,0.917809745093394,0.471930672291932,0.386042622864224,0.113065138713763,0.205303107511059,0.126509844186404,0.903667260849649,0.548018524758809,0.40193825971993,0.114272269195927,0.242348662808918,0.128176791854021,12.977,0.781000000000006
"11436-3","heavy",500,0.39,1.06971844141425,0.439925228437044,0.25643942543121,1.0776330869512,0.372413787765759,0.267117856505259,0.120259244724161,0.263502988396735,0.133918953708283,1.07849951943253,0.442499454260755,0.245336220734254,0.115689943912189,0.281714886017391,0.132409233900497,12.509,0.947999999999979
"11436-4","heavy",500,0.412,1.09230893502561,0.432249566643027,0.0958282276111961,1.08802183278655,0.497474778011014,0.0890811320730162,0.110731186251112,0.262422042663788,0.12435181682705,1.08818121121077,0.523703233754923,0.0847320760514266,0.117792642850649,0.283469261426477,0.124977885527317,12.049,0.843000000000018
"11436-5","heavy",500,0.386,0.998027028892187,0.466457817130801,0.321430488196081,0.977321775364121,0.482772806303573,0.344631103367301,0.1085028220599,0.231098651224874,0.125035505148891,0.985479943392665,0.511187877383531,0.326577074510479,0.106554117431019,0.253907753393566,0.124086785710713,12.5479999999999,1.04499999999996
