"sim","censoring","n","perc_censored","alpha_fc","beta_fc","gamma_fc","alpha_extrap","beta_extrap","gamma_extrap","se_alpha_extrap","se_beta_extrap","se_gamma_extrap","alpha_extrap_no","beta_extrap_no","gamma_extrap_no","se_alpha_extrap_no","se_beta_extrap_no","se_gamma_extrap_no","time_extrap","time_extrap_no"
"11423-1","light",100,0.13,1.06186872881528,0.195888058239461,0.408396685647294,1.05739879447217,0.171302415646556,0.406516190028211,0.187108695728297,0.297957620107856,0.255959810010794,1.05902237673427,0.189709835886523,0.405866733002045,0.193534823612258,0.344959398206553,0.251261753814682,0.902,0.588
"11423-2","light",100,0.11,0.884722934928228,0.584422085903981,0.48147130022526,0.859681650759182,0.675413475569429,0.508373623941464,0.279829095510964,0.570087420552055,0.317190406198172,0.843600788277531,0.708259466181552,0.494580602742383,0.278487636075492,0.560703951155938,0.307963487536622,0.782,0.585
"11423-3","light",100,0.12,1.00204077674965,1.08351939924449,0.12366915259247,1.02251578062491,0.890595736820124,0.146267138244552,0.209156850237623,0.384070775059045,0.251240129727483,0.993753877009838,1.06658112561902,0.129323705225842,0.206085521395236,0.417253216125934,0.243757262959732,0.931000000000001,0.58
"11423-4","light",100,0.0600000000000001,1.05774560608506,0.685824151235549,0.193581452247239,1.05127003543991,0.668997530806597,0.203701399993226,0.240145935047808,0.413937117849026,0.290315428919296,1.06281781288187,0.676611046558197,0.188522364813487,0.254857724351116,0.435598695887245,0.299359185626927,0.762,0.583
"11423-5","light",100,0.15,0.961619407881019,0.337639084055673,0.416555696552756,0.946365212107985,0.369663783195121,0.426610807317676,0.213656028902856,0.385506368456948,0.268230526730273,0.948051279928542,0.380477355793159,0.411443872669607,0.208504420715185,0.409423876074065,0.264424008306161,1.005,0.584
