"sim","censoring","n","perc_censored","alpha_fc","beta_fc","gamma_fc","alpha_extrap","beta_extrap","gamma_extrap","se_alpha_extrap","se_beta_extrap","se_gamma_extrap","alpha_extrap_no","beta_extrap_no","gamma_extrap_no","se_alpha_extrap_no","se_beta_extrap_no","se_gamma_extrap_no","time_extrap","time_extrap_no"
"11425-1","light",100,0.15,0.802967919861874,0.400308533407787,0.545813931815981,0.829487321895501,0.269405871484283,0.565299752301881,0.243125221289018,0.423378876676465,0.278578315662034,0.83890736024727,0.22972818938259,0.558609926221418,0.246186614936526,0.45099698885175,0.269528544266242,1.122,0.567
"11425-2","light",100,0.1,0.87740164883692,-0.000419812627760163,0.651670336062899,0.865896794413548,0.00407041508041838,0.657947073244328,0.241171137435949,0.545220912222693,0.31439812533448,0.881832598421098,0.000376184401537657,0.636639536232192,0.2286677446251,0.522466345897745,0.308771149200528,0.919,0.629
"11425-3","light",100,0.1,0.766338731743547,1.22606768595698,0.435209712718985,0.775449010195207,1.19398467448819,0.4355986011084,0.19922774775208,0.38272669230101,0.299624512795222,0.760400184957703,1.26222988206305,0.469651232556229,0.194158482430241,0.398158199793372,0.305253367745811,0.933999999999999,0.583
"11425-4","light",100,0.08,1.27844758950944,0.822026865981816,-0.114534445867742,1.28366504544824,0.819169000112846,-0.13565658865227,0.215601623196086,0.386590391310358,0.266313496888045,1.27909343152801,0.817732324868714,-0.117460364546288,0.209804727775588,0.402912582789437,0.264600364138069,0.779,0.606000000000002
"11425-5","light",100,0.14,0.807736375078969,0.588212995709469,0.257864067117982,0.828807258012504,0.336315128395517,0.316570747339299,0.223546978301872,0.263858961886208,0.296385235518993,0.821232497228706,0.419411007512702,0.292891325735859,0.223734343908286,0.327552666071071,0.299854096742209,0.992000000000001,0.554
