"sim","censoring","n","perc_censored","alpha_fc","beta_fc","gamma_fc","alpha_extrap","beta_extrap","gamma_extrap","se_alpha_extrap","se_beta_extrap","se_gamma_extrap","alpha_extrap_no","beta_extrap_no","gamma_extrap_no","se_alpha_extrap_no","se_beta_extrap_no","se_gamma_extrap_no","time_extrap","time_extrap_no"
"11423-1","light",500,0.124,0.911429257306442,0.643916228169956,0.262794245884846,0.928843151670801,0.528660381443721,0.267221503676674,0.0912440248926992,0.147558873220689,0.116862026415064,0.918057001504046,0.564052626627757,0.283095792235091,0.0912729209698866,0.146906391124118,0.115950748258081,5.296,0.712
"11423-2","light",500,0.128,1.00769726081339,0.52427849984849,0.288082164928821,1.03537721461211,0.431955777906795,0.273655359383007,0.108754889935,0.171713002824479,0.136085219181277,1.02205839290024,0.470288564411245,0.288658394107602,0.108221354079672,0.173126411271466,0.13377589677996,4.178,0.73
"11423-3","light",500,0.122,1.01542118991195,0.458716848922232,0.388360346870774,1.02948822249651,0.397396472369141,0.394155094886885,0.104832903026948,0.152720070298735,0.125052878762282,1.02756340109411,0.408316810401909,0.385417535389333,0.1026521828811,0.151709991006549,0.126550388031859,4.866,0.725999999999999
"11423-4","light",500,0.108,1.01624753519033,0.389798064251591,0.176589476328124,1.02283807986535,0.385038360161329,0.176716716982961,0.0976006029820765,0.200666495826009,0.123075569520428,1.02815373481803,0.351724983566493,0.191233538245222,0.0982778920555032,0.193534503026916,0.126751514898235,4.415,0.754000000000005
"11423-5","light",500,0.128,1.00364560840459,0.433578637184862,0.180786154515031,1.01110253115171,0.383548000030037,0.179141068275641,0.105984507145552,0.151196507527364,0.124778255873308,0.996963816360974,0.427070395375486,0.177356789827666,0.105585419051887,0.159003332953098,0.12649358984464,5.923,0.746000000000002
