"sim","censoring","n","perc_censored","alpha_fc","beta_fc","gamma_fc","alpha_extrap","beta_extrap","gamma_extrap","se_alpha_extrap","se_beta_extrap","se_gamma_extrap","alpha_extrap_no","beta_extrap_no","gamma_extrap_no","se_alpha_extrap_no","se_beta_extrap_no","se_gamma_extrap_no","time_extrap","time_extrap_no"
"11437-1","light",100,0.15,0.683204890984196,0.681901392641477,0.55304980310067,0.652207834074293,0.845997729628338,0.46923503122743,0.21441588994708,0.342632449209022,0.283740499209012,0.624701802498384,0.878438348865108,0.536287604691011,0.225885598243164,0.385565982927911,0.290752736168337,1.416,0.778
"11437-2","light",100,0.1,1.19438476192091,0.411679203025224,-0.046050204159223,1.2303045693376,0.250012147528661,-0.0369286532089807,0.214454291681551,0.326916060107727,0.286458984352415,1.22191763318606,0.30512842007164,-0.0551885681304283,0.216521879879015,0.387465787784179,0.281657399121641,1.148,0.722
"11437-3","light",100,0.09,1.14040002608865,0.576328182814313,0.316315223998753,1.14448951334552,0.545330461702832,0.313431879904916,0.203098024835288,0.340948956696612,0.283606643903056,1.14950492615217,0.53878845645686,0.309646489015133,0.197861574199198,0.350626950016388,0.266350315976064,0.994999999999999,0.738999999999999
"11437-4","light",100,0.16,1.00144369532586,0.463656558252693,0.0905593230622897,1.02897107786887,0.351193109175383,0.0891386428991941,0.216782051486921,0.300852264636019,0.267276039823637,1.00199199201678,0.466385443695879,0.0832507885841072,0.217486765546186,0.323881493142467,0.265635879661368,1.582,0.751000000000001
"11437-5","light",100,0.09,0.869090064378827,0.504250594454878,0.591620794519574,0.855862274347351,0.561737315036015,0.59774188002946,0.309849676003875,0.624452826956865,0.348458119539627,0.836846268967879,0.63130881045782,0.593242432939315,0.308407272204984,0.623357912400354,0.353044715752568,1.018,0.754000000000001
