"sim","censoring","n","perc_censored","alpha_fc","beta_fc","gamma_fc","alpha_extrap","beta_extrap","gamma_extrap","se_alpha_extrap","se_beta_extrap","se_gamma_extrap","alpha_extrap_no","beta_extrap_no","gamma_extrap_no","se_alpha_extrap_no","se_beta_extrap_no","se_gamma_extrap_no","time_extrap","time_extrap_no"
"11422-1","light",100,0.11,1.08911991793311,0.342171938500197,0.152372671252315,1.10989987237355,0.196691653477649,0.185174285906169,0.227686071674349,0.406166670605354,0.269781260420477,1.11706686215407,0.226163078752656,0.159561079400793,0.242124596163469,0.470981435232608,0.278109149891312,1.427,0.815
"11422-2","light",100,0.1,1.00683760665374,0.594751368808622,0.247840315331112,1.0502698943222,0.458057507589039,0.228577928990942,0.256245103413906,0.334958650138724,0.304219433438351,1.04703958051951,0.509336181440396,0.234671919255903,0.257818972089471,0.366117158432813,0.294548661998678,1.311,0.876000000000001
"11422-3","light",100,0.14,0.952969170596691,0.635380233732637,0.0774611680662961,0.981879463698168,0.577217195676202,0.0560693473832167,0.235687134967003,0.434816191382466,0.279554202116761,0.962530051379756,0.633503104846025,0.0627362219405641,0.23053848121128,0.441485671410809,0.265916057448794,1.442,0.920999999999999
"11422-4","light",100,0.18,0.909534613130502,0.715737590545471,0.265278862638127,0.896163480539462,0.761321540974917,0.265160919435915,0.253120273590832,0.418790050038363,0.287232759016847,0.89997422954809,0.773041675379814,0.250958767993293,0.252995186364094,0.42977793212038,0.286657390390719,1.594,0.758000000000001
"11422-5","light",100,0.0600000000000001,1.03563228038795,0.149441522223606,0.256833890643452,1.05913968449263,0.0315251745105115,0.25368734290902,0.24333289048311,0.611949249919408,0.286286990175683,1.07631600435493,-0.0340870642915699,0.252408836950403,0.234394081441255,0.636178669616481,0.290664676090501,0.98,0.862000000000002
