"sim","censoring","n","perc_censored","alpha_fc","beta_fc","gamma_fc","alpha_extrap","beta_extrap","gamma_extrap","se_alpha_extrap","se_beta_extrap","se_gamma_extrap","alpha_extrap_no","beta_extrap_no","gamma_extrap_no","se_alpha_extrap_no","se_beta_extrap_no","se_gamma_extrap_no","time_extrap","time_extrap_no"
"11429-1","light",500,0.128,0.942783158169279,0.608815633650269,0.230345923911584,0.929389450950625,0.667681581822995,0.225651669175014,0.108534082239257,0.157432977045207,0.132106043076155,0.915605465072652,0.708989200110551,0.231162909704542,0.11129794658638,0.166163596236571,0.130936955746876,4.34,0.629000000000001
"11429-2","light",500,0.128,1.12684936458205,0.455430251385942,0.173950835084628,1.12005529544082,0.474311174034186,0.17569392861381,0.10718018776433,0.159159422420961,0.131606976357847,1.11806755558627,0.480647296670291,0.168272856641713,0.105506564393922,0.16075718716028,0.13206310650437,4.879,0.626999999999999
"11429-3","light",500,0.116,1.01749629556035,0.658149876088478,0.183040783931219,1.00652544667921,0.725649038211546,0.165725803112491,0.107727521184892,0.14879370422497,0.1354038075114,1.002345463006,0.746835897285128,0.165409603097381,0.10704583691312,0.152185505229927,0.127670880973447,5.165,0.616
"11429-4","light",500,0.122,1.04668208868017,0.487460830316413,0.14845747690982,1.07391752131594,0.364798882495562,0.165052112037567,0.112546991568869,0.170100128036893,0.129815316787064,1.07629569274066,0.389017258770695,0.155386251045131,0.112427070524959,0.193479145856982,0.131726514314926,4.704,0.625999999999998
"11429-5","light",500,0.116,0.891331149346551,0.60137738437933,0.357168075656634,0.888464000502512,0.606297776292321,0.355828591607058,0.100190966790794,0.159994786922307,0.125161568416457,0.891053801119003,0.60887713265915,0.360354111413154,0.101797475822077,0.163588538540495,0.125353860224535,4.357,0.628
