"sim","censoring","n","perc_censored","alpha_fc","beta_fc","gamma_fc","alpha_extrap","beta_extrap","gamma_extrap","se_alpha_extrap","se_beta_extrap","se_gamma_extrap","alpha_extrap_no","beta_extrap_no","gamma_extrap_no","se_alpha_extrap_no","se_beta_extrap_no","se_gamma_extrap_no","time_extrap","time_extrap_no"
"11437-1","light",500,0.126,0.949694492039308,0.415591772653967,0.324548901848485,0.939565188628837,0.465663763287648,0.318729821398157,0.0983137162107123,0.201632308035914,0.128023903033131,0.938478843172294,0.462817620939743,0.32255245497343,0.0963532243203328,0.201762098476728,0.128242809866412,5.773,0.725000000000001
"11437-2","light",500,0.128,1.05812179537411,0.529872891503708,0.241773156538993,1.05923570776815,0.516849399699483,0.243739275986296,0.101811188874962,0.185743487367587,0.125562473143146,1.04453770457047,0.569663242621092,0.250957668361158,0.104974290768888,0.194485743677462,0.120305800616082,5.008,0.974
"11437-3","light",500,0.12,1.12430305983065,0.501889718284056,0.201082735489574,1.13179363561308,0.477609515990451,0.187129840263836,0.0994717088651494,0.141583180107952,0.126832608362042,1.12747396856477,0.502796135655987,0.195529389185783,0.102505504992689,0.1657960477307,0.128904709411542,5.997,1.037
"11437-4","light",500,0.124,0.947804404552385,0.627915640936843,0.191907032396512,0.96052097849296,0.590016727415602,0.18551068767343,0.0979763248297613,0.149025141746023,0.119893159076253,0.960292776100719,0.619512892100428,0.177009538817031,0.102082283411074,0.154799299618871,0.122620200758169,6.38,0.881
"11437-5","light",500,0.102,1.01384231515106,0.5288608941783,0.136538452567599,1.00741964109758,0.544790342052443,0.14885006023745,0.105067622148443,0.197249739445624,0.128051258094636,1.01165696299909,0.54874000681997,0.137260087220514,0.103952308637213,0.198256012756784,0.131216945928406,3.487,0.802
