"sim","censoring","n","perc_censored","alpha_fc","beta_fc","gamma_fc","alpha_extrap","beta_extrap","gamma_extrap","se_alpha_extrap","se_beta_extrap","se_gamma_extrap","alpha_extrap_no","beta_extrap_no","gamma_extrap_no","se_alpha_extrap_no","se_beta_extrap_no","se_gamma_extrap_no","time_extrap","time_extrap_no"
"11432-1","light",100,0.12,0.741871410029467,1.24963713972747,0.376626748387468,0.755090783367514,1.23688975352632,0.360607359210105,0.23522064500856,0.527987850910311,0.288188271677466,0.741928566587325,1.32624270041951,0.377103490103116,0.23950755495159,0.567222172381143,0.291382812291667,1.032,0.659
"11432-2","light",100,0.14,0.961536348031079,0.611068619510639,0.182579265449634,1.05916241070823,0.435279523386932,0.140123360807838,0.301441044210963,0.391011863275527,0.353120074195387,1.03951654396759,0.506215252362262,0.138008328558058,0.298621242040532,0.422600205247895,0.340430677910846,1.084,0.723
"11432-3","light",100,0.18,0.978736000555435,0.538181093079289,0.381046041827267,1.07431955008564,0.244835461852603,0.369434804995295,0.191599740466912,0.23368479312785,0.246945477757411,1.04456900919566,0.381183019468917,0.365769478030666,0.200535279359341,0.274807788304077,0.245259080454357,1.103,0.581
"11432-4","light",100,0.09,0.800300745030605,0.750278852033442,0.229856754611595,0.801507922558529,0.711401316172538,0.224929669243461,0.235465345370388,0.548605576236061,0.300138349317383,0.793560358127148,0.760172186899801,0.218530206685629,0.221381531134302,0.53600081056391,0.287483927631329,0.913,0.698
"11432-5","light",100,0.12,0.995105047648908,1.02297968776183,0.155082201734031,1.00026180080715,0.926814227443214,0.165802392714798,0.208762362570818,0.404853290666828,0.251676931448389,1.00544048588924,0.928957251830541,0.162900572125208,0.213550034683883,0.422070098102459,0.252647031085765,0.973000000000001,0.546999999999999
