"sim","censoring","n","perc_censored","alpha_fc","beta_fc","gamma_fc","alpha_extrap","beta_extrap","gamma_extrap","se_alpha_extrap","se_beta_extrap","se_gamma_extrap","alpha_extrap_no","beta_extrap_no","gamma_extrap_no","se_alpha_extrap_no","se_beta_extrap_no","se_gamma_extrap_no","time_extrap","time_extrap_no"
"11425-1","light",2000,0.13,1.03199088939368,0.455005558050843,0.279931605789346,1.03501717573986,0.442249188728635,0.278056169299521,0.0531324744596526,0.0846310010468658,0.0601167348134978,1.03500231747027,0.451240217452006,0.274854288361411,0.0512782666392482,0.0823959026379666,0.0610335528362076,32.769,1.468
"11425-2","light",2000,0.133,1.03847413766735,0.432225686297705,0.234161187638586,1.03229627210553,0.45457913337381,0.237780801444939,0.0526408122300086,0.0890889729381501,0.0643699734476221,1.03134155430459,0.458377338928418,0.23647557057386,0.05289570467774,0.0926878012095937,0.0637077267771181,28.095,1.485
"11425-3","light",2000,0.1175,1.0507918039045,0.41307502922656,0.304369811580296,1.06078008929834,0.372270023956627,0.308672438766789,0.0524492941355702,0.086392436607501,0.0635492146380569,1.05899083495226,0.382736529855774,0.307657413132577,0.0507890718908611,0.0864494743877603,0.0625708279723617,26.719,1.61699999999999
"11425-4","light",2000,0.127,0.974960604103326,0.498454706714888,0.253203425842915,0.97610781404532,0.481570390020801,0.257696026509331,0.0512439684292909,0.0888546438156746,0.0641314182743039,0.972246576368847,0.503037499562991,0.255119080611945,0.0517433951857581,0.0860972090936159,0.064541190387789,30.291,1.45099999999999
"11425-5","light",2000,0.1245,0.984607601955622,0.500925682052864,0.22835753572486,0.982309606525454,0.521087792189921,0.222359991336559,0.0511518034936107,0.0892967951396135,0.0650117456119858,0.980626513437864,0.522184318428902,0.229075009232462,0.0515180305063938,0.0868997387449961,0.0632737866410402,32.432,1.45700000000002
