"sim","censoring","n","perc_censored","alpha_fc","beta_fc","gamma_fc","alpha_extrap","beta_extrap","gamma_extrap","se_alpha_extrap","se_beta_extrap","se_gamma_extrap","alpha_extrap_no","beta_extrap_no","gamma_extrap_no","se_alpha_extrap_no","se_beta_extrap_no","se_gamma_extrap_no","time_extrap","time_extrap_no"
"11428-1","light",2000,0.123,1.04397159825065,0.497801713214944,0.190438661909587,1.04618693199851,0.487399613022569,0.186953957721172,0.0518545501665311,0.0790009954360504,0.0638626389793929,1.04256208163118,0.502348499045321,0.18973867595987,0.0498404153722017,0.082205648746613,0.062051082940343,31.144,1.24600000000001
"11428-2","light",2000,0.103,0.97431568641426,0.58326661230258,0.295738056947662,0.977132971037363,0.559617061798168,0.299340779535161,0.049846481261121,0.07967692171722,0.0618676661970708,0.97428463839839,0.581121052334308,0.294293169706912,0.0505984965423642,0.0825835304841011,0.0626658363548009,20.591,1.246
"11428-3","light",2000,0.128,0.973905919987469,0.542854803653356,0.283539944553454,0.955535825801457,0.610334124146417,0.284790074322252,0.05239328918185,0.0900779394796813,0.0641156978445852,0.95649574937812,0.61576614092667,0.281227262523415,0.0525937216172445,0.0914876420200814,0.0651159784700653,29.824,1.248
"11428-4","light",2000,0.1305,0.965971703249591,0.500909415955216,0.299857042625723,0.966057154979893,0.475389786399994,0.304228453580602,0.052004773902151,0.083414429936659,0.0614569457981164,0.964903752459369,0.492032405187214,0.300264007666427,0.0510697718437597,0.0859279244519959,0.0632076306170929,34.858,1.249
"11428-5","light",2000,0.123,0.985094537522262,0.475631674246216,0.258473550438047,0.986207283930198,0.45202178614227,0.261232395429911,0.0531930882453938,0.0856695222019022,0.0643152084925693,0.989223853287329,0.454907888046621,0.2585059287514,0.0528635188569448,0.09005028185777,0.0650369220301221,30.051,1.23700000000002
