"sim","censoring","n","perc_censored","alpha_fc","beta_fc","gamma_fc","alpha_extrap","beta_extrap","gamma_extrap","se_alpha_extrap","se_beta_extrap","se_gamma_extrap","alpha_extrap_no","beta_extrap_no","gamma_extrap_no","se_alpha_extrap_no","se_beta_extrap_no","se_gamma_extrap_no","time_extrap","time_extrap_no"
"11429-1","light",2000,0.11,1.0655648269204,0.506649892453555,0.126931143553303,1.06695886809023,0.506008669215281,0.126819184642981,0.0493173701959607,0.0806269540527954,0.0634885684899314,1.06651731263694,0.510307192802364,0.128012351949787,0.0507551169091933,0.0839024739130673,0.0663706845478398,25.766,1.238
"11429-2","light",2000,0.1185,1.01371097015925,0.47319610914707,0.23050256060586,1.0110550596544,0.485774251944701,0.222975185611727,0.0504357215845461,0.0813478104363227,0.0630526747406921,1.00469829569372,0.501060538400145,0.230947363797248,0.0509075181831398,0.0850736428129132,0.064084665415483,27.562,1.38500000000001
"11429-3","light",2000,0.128,0.984960046236055,0.608271894809975,0.210576797622778,0.991811472769008,0.569798395875672,0.213061122529091,0.0512761046790222,0.080940441367909,0.0632611458466067,0.986598020835933,0.586585281216605,0.213088637551447,0.0499791392124181,0.0827937497698685,0.0630655375734531,33.593,1.221
"11429-4","light",2000,0.1275,1.00887326652986,0.488690550368795,0.221058323846883,1.00106143406984,0.533104819955475,0.221102744833053,0.0508055065367906,0.0921877926779983,0.0616792478458079,0.997351825601476,0.542302977986998,0.222038006772568,0.0512755554687014,0.0950275903060592,0.0631529518783815,26.108,1.21799999999999
"11429-5","light",2000,0.1345,0.974530303075525,0.48794350547043,0.266835037648936,0.98238373742962,0.484755535195373,0.258360957948068,0.0497701640189093,0.0845836966149988,0.0618129078743542,0.972876397891915,0.497587763291926,0.268501151280379,0.0498728732813474,0.0865894233979597,0.0615728413282473,27.904,1.24099999999999
