"sim","censoring","n","perc_censored","alpha_fc","beta_fc","gamma_fc","alpha_extrap","beta_extrap","gamma_extrap","se_alpha_extrap","se_beta_extrap","se_gamma_extrap","alpha_extrap_no","beta_extrap_no","gamma_extrap_no","se_alpha_extrap_no","se_beta_extrap_no","se_gamma_extrap_no","time_extrap","time_extrap_no"
"11426-1","light",2000,0.1345,1.08656955694653,0.443278437285817,0.187020620100973,1.08244308867945,0.460349699586155,0.18668177274557,0.0513025687991742,0.0917137524285182,0.062744198419539,1.08603798092062,0.464950482535856,0.180088872178224,0.0521642047316054,0.0914473821787228,0.0623136469376186,30.054,1.242
"11426-2","light",2000,0.133,1.01511537555413,0.453862293798284,0.258118597082627,1.0127322831598,0.468539577702582,0.257609615880041,0.050660645116452,0.0947384259500514,0.0633958448633365,1.00998009380392,0.484512136635514,0.261629774393496,0.0501505861564524,0.09621386635834,0.0606115515113678,30.488,1.401
"11426-3","light",2000,0.124,0.984785514848274,0.560701794484696,0.213263981401253,0.982178888582881,0.589193396734259,0.209625651126026,0.052376012909546,0.0949855972061816,0.0638191625093463,0.974776944088269,0.601797733020846,0.21614628161503,0.0510078862986009,0.0893649523001354,0.0655941350609865,23.2,1.25699999999999
"11426-4","light",2000,0.1265,0.969158189496475,0.52366304504022,0.279575099765887,0.963561640357287,0.531534074995539,0.286635325038222,0.0509377351958373,0.0896181567045201,0.0633116738423867,0.965946607542577,0.54121664986492,0.278100674214947,0.0517269515360543,0.09167176957297,0.0635045011950193,32.779,1.25700000000001
"11426-5","light",2000,0.1175,1.02198366075093,0.474000197630747,0.235937121263164,1.02026247613803,0.492671288921886,0.235637075267075,0.0502922783585591,0.087264030301218,0.0621768116880729,1.02112822731779,0.494660261332051,0.231383592694294,0.0508440897607269,0.089887361917012,0.0609932266249837,22.83,1.39400000000001
