"sim","censoring","n","perc_censored","alpha_fc","beta_fc","gamma_fc","alpha_extrap","beta_extrap","gamma_extrap","se_alpha_extrap","se_beta_extrap","se_gamma_extrap","alpha_extrap_no","beta_extrap_no","gamma_extrap_no","se_alpha_extrap_no","se_beta_extrap_no","se_gamma_extrap_no","time_extrap","time_extrap_no"
"11439-1","light",100,0.08,1.06664786261268,0.477085460338027,0.0872411941016617,1.0514290960528,0.531904845076662,0.0859583391272825,0.258741528466058,0.581142871622473,0.318793670059512,1.05547244264604,0.513662151980934,0.0770247981472783,0.254963278552934,0.586900484064783,0.318843691606949,1.087,0.717000000000001
"11439-2","light",100,0.07,1.1217054155861,0.180519796615898,0.126847304799935,1.14374025710554,0.0421127292378505,0.153254977999125,0.22816169833661,0.367347955945741,0.309679541837052,1.15107231695974,0.0780147248371232,0.132423308900482,0.230775946086434,0.384192990863534,0.316329817473133,1.129,0.716999999999999
"11439-3","light",100,0.07,1.12633314265087,0.549054765771971,-0.0139244580837823,1.12561591259181,0.563965295492126,-0.0181363201645885,0.233453749971456,0.503860476265831,0.272729840600333,1.15011011944545,0.530442479001529,-0.0333100609885479,0.241341571580594,0.489183798608337,0.274733272660375,0.919,0.76
"11439-4","light",100,0.13,1.15827933465567,0.413679790238238,0.06091074243166,1.16171090370783,0.321515598013035,0.0836965275968322,0.237683820501627,0.377654566163715,0.272014756508727,1.1951603025723,0.319201040082934,0.0499968061582927,0.234572662170253,0.392108370704248,0.26316545348125,1.317,0.849
"11439-5","light",100,0.08,1.09170237425162,0.615865375399278,0.18016051325778,1.10926750641486,0.59098494455104,0.149931308289284,0.242996583737497,0.562702378165136,0.287502613691559,1.10418800414259,0.551339378209795,0.166685923171485,0.243445568619248,0.581054247300436,0.276719062423985,1.061,0.759
