"sim","censoring","n","perc_censored","alpha_fc","beta_fc","gamma_fc","alpha_extrap","beta_extrap","gamma_extrap","se_alpha_extrap","se_beta_extrap","se_gamma_extrap","alpha_extrap_no","beta_extrap_no","gamma_extrap_no","se_alpha_extrap_no","se_beta_extrap_no","se_gamma_extrap_no","time_extrap","time_extrap_no"
"11435-1","light",100,0.15,1.26487636861628,0.430302239284646,0.138672387001587,1.27916113623068,0.348743969006671,0.132799433340689,0.230498812577236,0.325816727157455,0.267273837082608,1.26729521417509,0.441802803947799,0.128404314891646,0.236837131476355,0.38277868763996,0.264338274552056,1.276,0.786
"11435-2","light",100,0.07,1.23300704032962,0.641474526106147,0.208514008476854,1.23616953178474,0.644372786990172,0.220628197539797,0.197738671149431,0.527332821954568,0.293440089063312,1.23734764287634,0.634894229989526,0.225160523254732,0.19775327963004,0.533444779760665,0.285991186387986,1.09,0.754999999999999
"11435-3","light",100,0.12,0.915973023595735,0.308339658401719,0.37635987624537,0.907954767130968,0.291329024601294,0.369509223341094,0.21703537171756,0.256436110571972,0.276312202863925,0.900647704699434,0.340819631182259,0.364720463810545,0.223344021593172,0.309092383469816,0.272583069918282,1.128,0.790000000000001
"11435-4","light",100,0.17,0.977880291937442,0.486073420113836,-0.103141058558937,0.995218608752419,0.381052116971179,-0.095417169161475,0.215320525790338,0.405796630217276,0.243111730569075,0.990895034413347,0.406633170705543,-0.102227112823705,0.210047499674406,0.400744805005992,0.253128676994002,1.505,0.763999999999999
"11435-5","light",100,0.08,0.996929186907912,0.436476467562432,0.113898031421415,1.00851352375886,0.343001639056005,0.126339142762041,0.236325015106809,0.448614454309755,0.278301468758423,1.00711153000803,0.39255274714202,0.11389443086615,0.236001051827529,0.467499269406551,0.274788609363487,1.008,0.788999999999998
