"sim","censoring","n","perc_censored","alpha_fc","beta_fc","gamma_fc","alpha_extrap","beta_extrap","gamma_extrap","se_alpha_extrap","se_beta_extrap","se_gamma_extrap","alpha_extrap_no","beta_extrap_no","gamma_extrap_no","se_alpha_extrap_no","se_beta_extrap_no","se_gamma_extrap_no","time_extrap","time_extrap_no"
"11434-1","light",100,0.15,1.09136442167301,0.391221979250906,0.1239700570441,1.12736553741807,0.356707160308395,0.0926754910048874,0.22241102753426,0.291990985081485,0.274462050306611,1.13195692990518,0.370744786040461,0.0944037898428067,0.229163806727705,0.314495808776781,0.267469603704364,1.186,0.628
"11434-2","light",100,0.15,0.87985188983766,0.777106995673703,0.409412439930453,0.867621467455904,0.764948326340895,0.447883341074961,0.259033366383133,0.477890998267356,0.299756532552715,0.862780490864824,0.839813788727411,0.449135864385905,0.263033846637688,0.52451828934245,0.297119241302347,1.021,0.651
"11434-3","light",100,0.12,1.06313162566168,0.842887897578775,-0.0944194444508042,1.03614298895153,1.04889679819631,-0.0881941174338182,0.235835410524483,0.526393334765069,0.295372086275438,1.03034329633507,1.02079482844302,-0.0377817436412523,0.239086326567724,0.519244786341665,0.289803891528337,1.036,0.607000000000001
"11434-4","light",100,0.09,0.92087797374225,0.129756779858965,0.17986757512958,0.921503160758041,0.10056755251945,0.184811313617447,0.241084286857006,0.394286534143645,0.307265374610897,0.927970708311339,0.127855321761113,0.172449473461407,0.24734507728853,0.43978161658267,0.303145926539078,0.814,0.716999999999999
"11434-5","light",100,0.07,1.06649016201,0.69226995249036,0.17842962680608,1.07475768119887,0.657377492241107,0.171413770717787,0.208013093630017,0.432210784237088,0.265689356600613,1.05969670766409,0.677635106952054,0.175776605956028,0.205305390996335,0.434356606842916,0.274934343118115,0.897,0.549000000000001
